-- MySQL Administrator dump 1.4
--
-- ------------------------------------------------------
-- Server version	5.4.0-beta-log


/*!40101 SET @OLD_CHARACTER_SET_CLIENT=@@CHARACTER_SET_CLIENT */;
/*!40101 SET @OLD_CHARACTER_SET_RESULTS=@@CHARACTER_SET_RESULTS */;
/*!40101 SET @OLD_COLLATION_CONNECTION=@@COLLATION_CONNECTION */;
/*!40101 SET NAMES utf8 */;

/*!40014 SET @OLD_UNIQUE_CHECKS=@@UNIQUE_CHECKS, UNIQUE_CHECKS=0 */;
/*!40014 SET @OLD_FOREIGN_KEY_CHECKS=@@FOREIGN_KEY_CHECKS, FOREIGN_KEY_CHECKS=0 */;
/*!40101 SET @OLD_SQL_MODE=@@SQL_MODE, SQL_MODE='NO_AUTO_VALUE_ON_ZERO' */;


--
-- Create schema yunmei
--

CREATE DATABASE IF NOT EXISTS yunmei;
USE yunmei;

--
-- Temporary table structure for view `yunmei`.`v_sys_role_auth`
--
DROP TABLE IF EXISTS `yunmei`.`v_sys_role_auth`;
DROP VIEW IF EXISTS `yunmei`.`v_sys_role_auth`;
CREATE TABLE `yunmei`.`v_sys_role_auth` (
  `text_` varchar(255),
  `parent_` bigint(20),
  `left_` int(11),
  `right_` int(11),
  `type_` char(1),
  `url_` varchar(255),
  `remark_` varchar(255),
  `role_id_` bigint(20),
  `auth_id_` bigint(20)
);

--
-- Temporary table structure for view `yunmei`.`v_sys_user_auth`
--
DROP TABLE IF EXISTS `yunmei`.`v_sys_user_auth`;
DROP VIEW IF EXISTS `yunmei`.`v_sys_user_auth`;
CREATE TABLE `yunmei`.`v_sys_user_auth` (
  `auth_id_` bigint(20),
  `text_` varchar(255),
  `parent_` bigint(20),
  `left_` int(11),
  `right_` int(11),
  `type_` char(1),
  `url_` varchar(255),
  `remark_` varchar(255),
  `user_id_` bigint(20),
  `post_id_` bigint(20)
);

--
-- Temporary table structure for view `yunmei`.`v_sys_user_role`
--
DROP TABLE IF EXISTS `yunmei`.`v_sys_user_role`;
DROP VIEW IF EXISTS `yunmei`.`v_sys_user_role`;
CREATE TABLE `yunmei`.`v_sys_user_role` (
  `name_` varchar(255),
  `remark_` varchar(255),
  `user_id_` bigint(20),
  `post_id_` bigint(20),
  `role_id_` bigint(20)
);

--
-- Definition of table `yunmei`.`JBPM4_DEPLOYMENT`
--

DROP TABLE IF EXISTS `yunmei`.`JBPM4_DEPLOYMENT`;
CREATE TABLE  `yunmei`.`JBPM4_DEPLOYMENT` (
  `DBID_` bigint(20) NOT NULL,
  `NAME_` longtext,
  `TIMESTAMP_` bigint(20) DEFAULT NULL,
  `STATE_` varchar(255) DEFAULT NULL,
  PRIMARY KEY (`DBID_`)
) ENGINE=InnoDB DEFAULT CHARSET=utf8;

--
-- Dumping data for table `yunmei`.`JBPM4_DEPLOYMENT`
--

/*!40000 ALTER TABLE `JBPM4_DEPLOYMENT` DISABLE KEYS */;
LOCK TABLES `JBPM4_DEPLOYMENT` WRITE;
INSERT INTO `yunmei`.`JBPM4_DEPLOYMENT` VALUES  (1,NULL,0,'active');
UNLOCK TABLES;
/*!40000 ALTER TABLE `JBPM4_DEPLOYMENT` ENABLE KEYS */;


--
-- Definition of table `yunmei`.`JBPM4_DEPLOYPROP`
--

DROP TABLE IF EXISTS `yunmei`.`JBPM4_DEPLOYPROP`;
CREATE TABLE  `yunmei`.`JBPM4_DEPLOYPROP` (
  `DBID_` bigint(20) NOT NULL,
  `DEPLOYMENT_` bigint(20) DEFAULT NULL,
  `OBJNAME_` varchar(255) DEFAULT NULL,
  `KEY_` varchar(255) DEFAULT NULL,
  `STRINGVAL_` varchar(255) DEFAULT NULL,
  `LONGVAL_` bigint(20) DEFAULT NULL,
  PRIMARY KEY (`DBID_`),
  KEY `FK_DEPLPROP_DEPL` (`DEPLOYMENT_`),
  CONSTRAINT `FK_DEPLPROP_DEPL` FOREIGN KEY (`DEPLOYMENT_`) REFERENCES `JBPM4_DEPLOYMENT` (`DBID_`)
) ENGINE=InnoDB DEFAULT CHARSET=utf8;

--
-- Dumping data for table `yunmei`.`JBPM4_DEPLOYPROP`
--

/*!40000 ALTER TABLE `JBPM4_DEPLOYPROP` DISABLE KEYS */;
LOCK TABLES `JBPM4_DEPLOYPROP` WRITE;
INSERT INTO `yunmei`.`JBPM4_DEPLOYPROP` VALUES  (4,1,'workflow','langid','jpdl-4.0',NULL),
 (5,1,'workflow','pdid','workflow-1',NULL),
 (6,1,'workflow','pdkey','workflow',NULL),
 (7,1,'workflow','pdversion',NULL,1);
UNLOCK TABLES;
/*!40000 ALTER TABLE `JBPM4_DEPLOYPROP` ENABLE KEYS */;


--
-- Definition of table `yunmei`.`JBPM4_EXECUTION`
--

DROP TABLE IF EXISTS `yunmei`.`JBPM4_EXECUTION`;
CREATE TABLE  `yunmei`.`JBPM4_EXECUTION` (
  `DBID_` bigint(20) NOT NULL,
  `CLASS_` varchar(255) NOT NULL,
  `DBVERSION_` int(11) NOT NULL,
  `ACTIVITYNAME_` varchar(255) DEFAULT NULL,
  `PROCDEFID_` varchar(255) DEFAULT NULL,
  `HASVARS_` bit(1) DEFAULT NULL,
  `NAME_` varchar(255) DEFAULT NULL,
  `KEY_` varchar(255) DEFAULT NULL,
  `ID_` varchar(255) DEFAULT NULL,
  `STATE_` varchar(255) DEFAULT NULL,
  `SUSPHISTSTATE_` varchar(255) DEFAULT NULL,
  `PRIORITY_` int(11) DEFAULT NULL,
  `HISACTINST_` bigint(20) DEFAULT NULL,
  `PARENT_` bigint(20) DEFAULT NULL,
  `INSTANCE_` bigint(20) DEFAULT NULL,
  `SUPEREXEC_` bigint(20) DEFAULT NULL,
  `SUBPROCINST_` bigint(20) DEFAULT NULL,
  `PARENT_IDX_` int(11) DEFAULT NULL,
  PRIMARY KEY (`DBID_`),
  UNIQUE KEY `ID_` (`ID_`),
  KEY `FK_EXEC_SUBPI` (`SUBPROCINST_`),
  KEY `FK_EXEC_INSTANCE` (`INSTANCE_`),
  KEY `FK_EXEC_SUPEREXEC` (`SUPEREXEC_`),
  KEY `FK_EXEC_PARENT` (`PARENT_`),
  CONSTRAINT `FK_EXEC_PARENT` FOREIGN KEY (`PARENT_`) REFERENCES `JBPM4_EXECUTION` (`DBID_`),
  CONSTRAINT `FK_EXEC_INSTANCE` FOREIGN KEY (`INSTANCE_`) REFERENCES `JBPM4_EXECUTION` (`DBID_`),
  CONSTRAINT `FK_EXEC_SUBPI` FOREIGN KEY (`SUBPROCINST_`) REFERENCES `JBPM4_EXECUTION` (`DBID_`),
  CONSTRAINT `FK_EXEC_SUPEREXEC` FOREIGN KEY (`SUPEREXEC_`) REFERENCES `JBPM4_EXECUTION` (`DBID_`)
) ENGINE=InnoDB DEFAULT CHARSET=utf8;

--
-- Dumping data for table `yunmei`.`JBPM4_EXECUTION`
--

/*!40000 ALTER TABLE `JBPM4_EXECUTION` DISABLE KEYS */;
LOCK TABLES `JBPM4_EXECUTION` WRITE;
INSERT INTO `yunmei`.`JBPM4_EXECUTION` VALUES  (10001,'pvm',3,'财务签字','workflow-1',0x01,NULL,'1','workflow.1','active-root',NULL,0,10019,NULL,10001,NULL,NULL,NULL);
UNLOCK TABLES;
/*!40000 ALTER TABLE `JBPM4_EXECUTION` ENABLE KEYS */;


--
-- Definition of table `yunmei`.`JBPM4_HIST_ACTINST`
--

DROP TABLE IF EXISTS `yunmei`.`JBPM4_HIST_ACTINST`;
CREATE TABLE  `yunmei`.`JBPM4_HIST_ACTINST` (
  `DBID_` bigint(20) NOT NULL,
  `CLASS_` varchar(255) NOT NULL,
  `DBVERSION_` int(11) NOT NULL,
  `HPROCI_` bigint(20) DEFAULT NULL,
  `TYPE_` varchar(255) DEFAULT NULL,
  `EXECUTION_` varchar(255) DEFAULT NULL,
  `ACTIVITY_NAME_` varchar(255) DEFAULT NULL,
  `START_` datetime DEFAULT NULL,
  `END_` datetime DEFAULT NULL,
  `DURATION_` bigint(20) DEFAULT NULL,
  `TRANSITION_` varchar(255) DEFAULT NULL,
  `NEXTIDX_` int(11) DEFAULT NULL,
  `HTASK_` bigint(20) DEFAULT NULL,
  PRIMARY KEY (`DBID_`),
  KEY `FK_HACTI_HPROCI` (`HPROCI_`),
  KEY `FK_HTI_HTASK` (`HTASK_`),
  CONSTRAINT `FK_HTI_HTASK` FOREIGN KEY (`HTASK_`) REFERENCES `JBPM4_HIST_TASK` (`DBID_`),
  CONSTRAINT `FK_HACTI_HPROCI` FOREIGN KEY (`HPROCI_`) REFERENCES `JBPM4_HIST_PROCINST` (`DBID_`)
) ENGINE=InnoDB DEFAULT CHARSET=utf8;

--
-- Dumping data for table `yunmei`.`JBPM4_HIST_ACTINST`
--

/*!40000 ALTER TABLE `JBPM4_HIST_ACTINST` DISABLE KEYS */;
LOCK TABLES `JBPM4_HIST_ACTINST` WRITE;
INSERT INTO `yunmei`.`JBPM4_HIST_ACTINST` VALUES  (10005,'task',1,10001,'task','workflow.1','填报销单','2010-02-05 12:46:56','2010-02-05 12:46:56',36,NULL,1,10002),
 (10008,'excl',0,10001,'decision','workflow.1','是否经理审批','2010-02-05 12:46:56','2010-02-05 12:46:56',39,'大于1000',1,NULL),
 (10012,'task',1,10001,'task','workflow.1','经理审批','2010-02-05 12:46:56','2010-02-05 12:48:54',118038,NULL,1,10009),
 (10015,'excl',0,10001,'decision','workflow.1','是否通过','2010-02-05 12:48:54','2010-02-05 12:48:54',4,'合格',1,NULL),
 (10019,'task',0,10001,'task','workflow.1','财务签字','2010-02-05 12:48:54',NULL,0,NULL,1,10016);
UNLOCK TABLES;
/*!40000 ALTER TABLE `JBPM4_HIST_ACTINST` ENABLE KEYS */;


--
-- Definition of table `yunmei`.`JBPM4_HIST_DETAIL`
--

DROP TABLE IF EXISTS `yunmei`.`JBPM4_HIST_DETAIL`;
CREATE TABLE  `yunmei`.`JBPM4_HIST_DETAIL` (
  `DBID_` bigint(20) NOT NULL,
  `CLASS_` varchar(255) NOT NULL,
  `DBVERSION_` int(11) NOT NULL,
  `USERID_` varchar(255) DEFAULT NULL,
  `TIME_` datetime DEFAULT NULL,
  `HPROCI_` bigint(20) DEFAULT NULL,
  `HPROCIIDX_` int(11) DEFAULT NULL,
  `HACTI_` bigint(20) DEFAULT NULL,
  `HACTIIDX_` int(11) DEFAULT NULL,
  `HTASK_` bigint(20) DEFAULT NULL,
  `HTASKIDX_` int(11) DEFAULT NULL,
  `HVAR_` bigint(20) DEFAULT NULL,
  `HVARIDX_` int(11) DEFAULT NULL,
  `MESSAGE_` longtext,
  `OLD_STR_` varchar(255) DEFAULT NULL,
  `NEW_STR_` varchar(255) DEFAULT NULL,
  `OLD_INT_` int(11) DEFAULT NULL,
  `NEW_INT_` int(11) DEFAULT NULL,
  `OLD_TIME_` datetime DEFAULT NULL,
  `NEW_TIME_` datetime DEFAULT NULL,
  `PARENT_` bigint(20) DEFAULT NULL,
  `PARENT_IDX_` int(11) DEFAULT NULL,
  PRIMARY KEY (`DBID_`),
  KEY `FK_HDETAIL_HVAR` (`HVAR_`),
  KEY `FK_HDETAIL_HPROCI` (`HPROCI_`),
  KEY `FK_HDETAIL_HTASK` (`HTASK_`),
  KEY `FK_HDETAIL_HACTI` (`HACTI_`),
  CONSTRAINT `FK_HDETAIL_HACTI` FOREIGN KEY (`HACTI_`) REFERENCES `JBPM4_HIST_ACTINST` (`DBID_`),
  CONSTRAINT `FK_HDETAIL_HPROCI` FOREIGN KEY (`HPROCI_`) REFERENCES `JBPM4_HIST_PROCINST` (`DBID_`),
  CONSTRAINT `FK_HDETAIL_HTASK` FOREIGN KEY (`HTASK_`) REFERENCES `JBPM4_HIST_TASK` (`DBID_`),
  CONSTRAINT `FK_HDETAIL_HVAR` FOREIGN KEY (`HVAR_`) REFERENCES `JBPM4_HIST_VAR` (`DBID_`)
) ENGINE=InnoDB DEFAULT CHARSET=utf8;

--
-- Dumping data for table `yunmei`.`JBPM4_HIST_DETAIL`
--

/*!40000 ALTER TABLE `JBPM4_HIST_DETAIL` DISABLE KEYS */;
LOCK TABLES `JBPM4_HIST_DETAIL` WRITE;
UNLOCK TABLES;
/*!40000 ALTER TABLE `JBPM4_HIST_DETAIL` ENABLE KEYS */;


--
-- Definition of table `yunmei`.`JBPM4_HIST_PROCINST`
--

DROP TABLE IF EXISTS `yunmei`.`JBPM4_HIST_PROCINST`;
CREATE TABLE  `yunmei`.`JBPM4_HIST_PROCINST` (
  `DBID_` bigint(20) NOT NULL,
  `DBVERSION_` int(11) NOT NULL,
  `ID_` varchar(255) DEFAULT NULL,
  `PROCDEFID_` varchar(255) DEFAULT NULL,
  `KEY_` varchar(255) DEFAULT NULL,
  `START_` datetime DEFAULT NULL,
  `END_` datetime DEFAULT NULL,
  `DURATION_` bigint(20) DEFAULT NULL,
  `STATE_` varchar(255) DEFAULT NULL,
  `ENDACTIVITY_` varchar(255) DEFAULT NULL,
  `NEXTIDX_` int(11) DEFAULT NULL,
  PRIMARY KEY (`DBID_`)
) ENGINE=InnoDB DEFAULT CHARSET=utf8;

--
-- Dumping data for table `yunmei`.`JBPM4_HIST_PROCINST`
--

/*!40000 ALTER TABLE `JBPM4_HIST_PROCINST` DISABLE KEYS */;
LOCK TABLES `JBPM4_HIST_PROCINST` WRITE;
INSERT INTO `yunmei`.`JBPM4_HIST_PROCINST` VALUES  (10001,0,'workflow.1','workflow-1','1','2010-02-05 12:46:56',NULL,NULL,'active',NULL,1);
UNLOCK TABLES;
/*!40000 ALTER TABLE `JBPM4_HIST_PROCINST` ENABLE KEYS */;


--
-- Definition of table `yunmei`.`JBPM4_HIST_TASK`
--

DROP TABLE IF EXISTS `yunmei`.`JBPM4_HIST_TASK`;
CREATE TABLE  `yunmei`.`JBPM4_HIST_TASK` (
  `DBID_` bigint(20) NOT NULL,
  `DBVERSION_` int(11) NOT NULL,
  `EXECUTION_` varchar(255) DEFAULT NULL,
  `OUTCOME_` varchar(255) DEFAULT NULL,
  `ASSIGNEE_` varchar(255) DEFAULT NULL,
  `PRIORITY_` int(11) DEFAULT NULL,
  `STATE_` varchar(255) DEFAULT NULL,
  `CREATE_` datetime DEFAULT NULL,
  `END_` datetime DEFAULT NULL,
  `DURATION_` bigint(20) DEFAULT NULL,
  `NEXTIDX_` int(11) DEFAULT NULL,
  `SUPERTASK_` bigint(20) DEFAULT NULL,
  PRIMARY KEY (`DBID_`),
  KEY `FK_HSUPERT_SUB` (`SUPERTASK_`),
  CONSTRAINT `FK_HSUPERT_SUB` FOREIGN KEY (`SUPERTASK_`) REFERENCES `JBPM4_HIST_TASK` (`DBID_`)
) ENGINE=InnoDB DEFAULT CHARSET=utf8;

--
-- Dumping data for table `yunmei`.`JBPM4_HIST_TASK`
--

/*!40000 ALTER TABLE `JBPM4_HIST_TASK` DISABLE KEYS */;
LOCK TABLES `JBPM4_HIST_TASK` WRITE;
INSERT INTO `yunmei`.`JBPM4_HIST_TASK` VALUES  (10002,1,'workflow.1',NULL,'4',0,'completed','2010-02-05 12:46:56','2010-02-05 12:46:56',19,1,NULL),
 (10009,1,'workflow.1',NULL,'2',0,'completed','2010-02-05 12:46:56','2010-02-05 12:48:54',118039,1,NULL),
 (10016,0,'workflow.1',NULL,NULL,0,NULL,'2010-02-05 12:48:54',NULL,0,1,NULL);
UNLOCK TABLES;
/*!40000 ALTER TABLE `JBPM4_HIST_TASK` ENABLE KEYS */;


--
-- Definition of table `yunmei`.`JBPM4_HIST_VAR`
--

DROP TABLE IF EXISTS `yunmei`.`JBPM4_HIST_VAR`;
CREATE TABLE  `yunmei`.`JBPM4_HIST_VAR` (
  `DBID_` bigint(20) NOT NULL,
  `DBVERSION_` int(11) NOT NULL,
  `PROCINSTID_` varchar(255) DEFAULT NULL,
  `EXECUTIONID_` varchar(255) DEFAULT NULL,
  `VARNAME_` varchar(255) DEFAULT NULL,
  `VALUE_` varchar(255) DEFAULT NULL,
  `HPROCI_` bigint(20) DEFAULT NULL,
  `HTASK_` bigint(20) DEFAULT NULL,
  PRIMARY KEY (`DBID_`),
  KEY `FK_HVAR_HPROCI` (`HPROCI_`),
  KEY `FK_HVAR_HTASK` (`HTASK_`),
  CONSTRAINT `FK_HVAR_HTASK` FOREIGN KEY (`HTASK_`) REFERENCES `JBPM4_HIST_TASK` (`DBID_`),
  CONSTRAINT `FK_HVAR_HPROCI` FOREIGN KEY (`HPROCI_`) REFERENCES `JBPM4_HIST_PROCINST` (`DBID_`)
) ENGINE=InnoDB DEFAULT CHARSET=utf8;

--
-- Dumping data for table `yunmei`.`JBPM4_HIST_VAR`
--

/*!40000 ALTER TABLE `JBPM4_HIST_VAR` DISABLE KEYS */;
LOCK TABLES `JBPM4_HIST_VAR` WRITE;
UNLOCK TABLES;
/*!40000 ALTER TABLE `JBPM4_HIST_VAR` ENABLE KEYS */;


--
-- Definition of table `yunmei`.`JBPM4_ID_GROUP`
--

DROP TABLE IF EXISTS `yunmei`.`JBPM4_ID_GROUP`;
CREATE TABLE  `yunmei`.`JBPM4_ID_GROUP` (
  `DBID_` bigint(20) NOT NULL,
  `DBVERSION_` int(11) NOT NULL,
  `ID_` varchar(255) DEFAULT NULL,
  `NAME_` varchar(255) DEFAULT NULL,
  `TYPE_` varchar(255) DEFAULT NULL,
  `PARENT_` bigint(20) DEFAULT NULL,
  PRIMARY KEY (`DBID_`),
  KEY `FK_GROUP_PARENT` (`PARENT_`),
  CONSTRAINT `FK_GROUP_PARENT` FOREIGN KEY (`PARENT_`) REFERENCES `JBPM4_ID_GROUP` (`DBID_`)
) ENGINE=InnoDB DEFAULT CHARSET=utf8;

--
-- Dumping data for table `yunmei`.`JBPM4_ID_GROUP`
--

/*!40000 ALTER TABLE `JBPM4_ID_GROUP` DISABLE KEYS */;
LOCK TABLES `JBPM4_ID_GROUP` WRITE;
UNLOCK TABLES;
/*!40000 ALTER TABLE `JBPM4_ID_GROUP` ENABLE KEYS */;


--
-- Definition of table `yunmei`.`JBPM4_ID_MEMBERSHIP`
--

DROP TABLE IF EXISTS `yunmei`.`JBPM4_ID_MEMBERSHIP`;
CREATE TABLE  `yunmei`.`JBPM4_ID_MEMBERSHIP` (
  `DBID_` bigint(20) NOT NULL,
  `DBVERSION_` int(11) NOT NULL,
  `USER_` bigint(20) DEFAULT NULL,
  `GROUP_` bigint(20) DEFAULT NULL,
  `NAME_` varchar(255) DEFAULT NULL,
  PRIMARY KEY (`DBID_`),
  KEY `FK_MEM_GROUP` (`GROUP_`),
  KEY `FK_MEM_USER` (`USER_`),
  CONSTRAINT `FK_MEM_USER` FOREIGN KEY (`USER_`) REFERENCES `JBPM4_ID_USER` (`DBID_`),
  CONSTRAINT `FK_MEM_GROUP` FOREIGN KEY (`GROUP_`) REFERENCES `JBPM4_ID_GROUP` (`DBID_`)
) ENGINE=InnoDB DEFAULT CHARSET=utf8;

--
-- Dumping data for table `yunmei`.`JBPM4_ID_MEMBERSHIP`
--

/*!40000 ALTER TABLE `JBPM4_ID_MEMBERSHIP` DISABLE KEYS */;
LOCK TABLES `JBPM4_ID_MEMBERSHIP` WRITE;
UNLOCK TABLES;
/*!40000 ALTER TABLE `JBPM4_ID_MEMBERSHIP` ENABLE KEYS */;


--
-- Definition of table `yunmei`.`JBPM4_ID_USER`
--

DROP TABLE IF EXISTS `yunmei`.`JBPM4_ID_USER`;
CREATE TABLE  `yunmei`.`JBPM4_ID_USER` (
  `DBID_` bigint(20) NOT NULL,
  `DBVERSION_` int(11) NOT NULL,
  `ID_` varchar(255) DEFAULT NULL,
  `PASSWORD_` varchar(255) DEFAULT NULL,
  `GIVENNAME_` varchar(255) DEFAULT NULL,
  `FAMILYNAME_` varchar(255) DEFAULT NULL,
  `BUSINESSEMAIL_` varchar(255) DEFAULT NULL,
  PRIMARY KEY (`DBID_`)
) ENGINE=InnoDB DEFAULT CHARSET=utf8;

--
-- Dumping data for table `yunmei`.`JBPM4_ID_USER`
--

/*!40000 ALTER TABLE `JBPM4_ID_USER` DISABLE KEYS */;
LOCK TABLES `JBPM4_ID_USER` WRITE;
UNLOCK TABLES;
/*!40000 ALTER TABLE `JBPM4_ID_USER` ENABLE KEYS */;


--
-- Definition of table `yunmei`.`JBPM4_JOB`
--

DROP TABLE IF EXISTS `yunmei`.`JBPM4_JOB`;
CREATE TABLE  `yunmei`.`JBPM4_JOB` (
  `DBID_` bigint(20) NOT NULL,
  `CLASS_` varchar(255) NOT NULL,
  `DBVERSION_` int(11) NOT NULL,
  `DUEDATE_` datetime DEFAULT NULL,
  `STATE_` varchar(255) DEFAULT NULL,
  `ISEXCLUSIVE_` bit(1) DEFAULT NULL,
  `LOCKOWNER_` varchar(255) DEFAULT NULL,
  `LOCKEXPTIME_` datetime DEFAULT NULL,
  `EXCEPTION_` longtext,
  `RETRIES_` int(11) DEFAULT NULL,
  `PROCESSINSTANCE_` bigint(20) DEFAULT NULL,
  `EXECUTION_` bigint(20) DEFAULT NULL,
  `CFG_` bigint(20) DEFAULT NULL,
  `SIGNAL_` varchar(255) DEFAULT NULL,
  `EVENT_` varchar(255) DEFAULT NULL,
  `REPEAT_` varchar(255) DEFAULT NULL,
  PRIMARY KEY (`DBID_`),
  KEY `FK_JOB_CFG` (`CFG_`),
  CONSTRAINT `FK_JOB_CFG` FOREIGN KEY (`CFG_`) REFERENCES `JBPM4_LOB` (`DBID_`)
) ENGINE=InnoDB DEFAULT CHARSET=utf8;

--
-- Dumping data for table `yunmei`.`JBPM4_JOB`
--

/*!40000 ALTER TABLE `JBPM4_JOB` DISABLE KEYS */;
LOCK TABLES `JBPM4_JOB` WRITE;
UNLOCK TABLES;
/*!40000 ALTER TABLE `JBPM4_JOB` ENABLE KEYS */;


--
-- Definition of table `yunmei`.`JBPM4_LOB`
--

DROP TABLE IF EXISTS `yunmei`.`JBPM4_LOB`;
CREATE TABLE  `yunmei`.`JBPM4_LOB` (
  `DBID_` bigint(20) NOT NULL,
  `DBVERSION_` int(11) NOT NULL,
  `BLOB_VALUE_` longblob,
  `DEPLOYMENT_` bigint(20) DEFAULT NULL,
  `NAME_` longtext,
  PRIMARY KEY (`DBID_`),
  KEY `FK_LOB_DEPLOYMENT` (`DEPLOYMENT_`),
  CONSTRAINT `FK_LOB_DEPLOYMENT` FOREIGN KEY (`DEPLOYMENT_`) REFERENCES `JBPM4_DEPLOYMENT` (`DBID_`)
) ENGINE=InnoDB DEFAULT CHARSET=utf8;

--
-- Dumping data for table `yunmei`.`JBPM4_LOB`
--

/*!40000 ALTER TABLE `JBPM4_LOB` DISABLE KEYS */;
LOCK TABLES `JBPM4_LOB` WRITE;
INSERT INTO `yunmei`.`JBPM4_LOB` VALUES  (2,0,0x3C3F786D6C2076657273696F6E3D22312E302220656E636F64696E673D225554462D38223F3E0A0A3C70726F63657373206E616D653D22776F726B666C6F772220786D6C6E733D22687474703A2F2F6A62706D2E6F72672F342E302F6A70646C223E0A093C737461727420673D223132302C31342C34382C343822206E616D653D22737461727431223E0A09093C7472616E736974696F6E20746F3D22E5A1ABE68AA5E99480E58D95222F3E0A093C2F73746172743E0A093C7461736B20673D2239372C39322C39322C353222206E616D653D22E5A1ABE68AA5E99480E58D95223E0A09093C7472616E736974696F6E20746F3D22E698AFE590A6E7BB8FE79086E5AEA1E689B9222F3E0A09093C61737369676E6D656E742D68616E646C657220636C6173733D22636F6D2E79756E6D65692E6672616D652E6A62706D342E61737369676E6D656E742E41737369676E5461736B223E0A09093C2F61737369676E6D656E742D68616E646C65723E0A093C2F7461736B3E0A093C6465636973696F6E20673D223131352C3138322C34382C343822206E616D653D22E698AFE590A6E7BB8FE79086E5AEA1E689B9223E0A09093C7472616E736974696F6E20673D222D36392C2D313622206E616D653D22E5B08FE4BA8E313030302220746F3D22E8B4A2E58AA1E7ADBEE5AD97223E0A0909093C636F6E646974696F6E20657870723D22237B6D6F6E6B6579266C743B3D313030307D222F3E0A09093C2F7472616E736974696F6E3E0A09093C7472616E736974696F6E20673D222D32352C2D323822206E616D653D22E5A4A7E4BA8E313030302220746F3D22E7BB8FE79086E5AEA1E689B9223E0A0909093C636F6E646974696F6E20657870723D22237B6D6F6E6B65792667743B313030307D222F3E0A09093C2F7472616E736974696F6E3E0A093C2F6465636973696F6E3E0A093C7461736B20673D2239352C3237372C39322C353222206E616D653D22E8B4A2E58AA1E7ADBEE5AD97223E0A09093C61737369676E6D656E742D68616E646C657220636C6173733D22636F6D2E79756E6D65692E6672616D652E6A62706D342E61737369676E6D656E742E41737369676E5461736B223E0A09093C2F61737369676E6D656E742D68616E646C65723E0A09093C7472616E736974696F6E20746F3D22656E6431222F3E0A093C2F7461736B3E0A093C7461736B20673D223231312C3137392C39322C353222206E616D653D22E7BB8FE79086E5AEA1E689B9223E0A09093C61737369676E6D656E742D68616E646C657220636C6173733D22636F6D2E79756E6D65692E6672616D652E6A62706D342E61737369676E6D656E742E41737369676E5461736B223E0A09093C2F61737369676E6D656E742D68616E646C65723E0A09093C7472616E736974696F6E20746F3D22E698AFE590A6E9809AE8BF87222F3E0A093C2F7461736B3E0A093C6465636973696F6E20657870723D22237B706173737D2220673D223233342C3237382C34382C343822206E616D653D22E698AFE590A6E9809AE8BF87223E0A09093C7472616E736974696F6E20673D223332382C3330333B3332382C3131383A31392C2D313922206E616D653D22E4B88DE59088E6A0BC2220746F3D22E5A1ABE68AA5E99480E58D95222F3E0A09093C7472616E736974696F6E20673D222D31342C313722206E616D653D22E59088E6A0BC2220746F3D22E8B4A2E58AA1E7ADBEE5AD97222F3E0A093C2F6465636973696F6E3E0A093C656E6420673D223131382C3335352C34382C343822206E616D653D22656E6431222F3E0A3C2F70726F636573733E,1,'workflow.jpdl.xml'),
 (3,0,0x89504E470D0A1A0A0000000D494844520000021700000196080200000044BF36FF0000501149444154789CEDBD79505BE79EE73D555DB9F78FB9A9FEA3ABAB2677BA6FF75B6F75DFBE3DEF9D9EB7A6A66BEED4CC5B387662C7C6FB12C7FB123BF19E3871EC2C4E0418309B0103DEC060CC6E83B10D368680D931BBD917B18B454868413B20C0EF4F3A20C46623199D23C9DF4FFD4A7574CEF33C7A9EE3E4F9F03BEB7F780500000058CB7FE0BA030000001C185804000080F5C022000000AC0716010000603DB008000000EB8145000000580F2C020000C07A6011000000D6038B000000B01E5804000080F5C022000000AC0716010000603DB008000000EB8145000000580F2C020000C07A6011000000D6038B000000B01E5804000080F5C022F6CBE4E4E48491F1F171FD22D026A60C15E6BABF0080771158C41E61FC4192181D1DD5E9741A8D46AD56ABE6412B691315A06254182E0100B00F2C625F98FC3132324292487B11EA19F5D931AFFFFED9853F6C39FBB79BBEFA1B0A5AA0AFB492363D2E09954AA50A85820A5315B80400C032B088BD60EE0FA54A119A7CF288FB7FDD71EEF7C7BDFF876FCCBE9402FFEAAE8C017533052DD0575A499BA80015A3C28322A15C2E874B00002C038BD8058C42C6C6C6B45A6D6C26EFA8C7BF1DFCE55F8393BE681595C8C705AF092A40C5A8305589C9E489C562CA4BA8116A0A220100B0002CC23D8C42464747351ACDA5C81DBBBEFFC7A0C4A3AF97C7FCA02A5491AAF7F7F7CB64326A8A1A84480000B60616E11893428492AEEFAE7E74D2E77F16362559AA1026A82255A746F85DF5128944A552412400005B038B7089492134E3D3EC7F2164B548C7B74E214C50756A849AEAE9E9191A1A82480000B60616E112E65C8846A3F1B8BD9DD288B754884924D414354822A18C841A67CE91703D56008073028B7006E5077ABD5EABD5463FFB69D7F7FF68F581AC050F6D518377327E12080432998C7E827E08E90800C016C0229C41F9C1C8C8887C587AC4E3DF967A3A5D6FC1C9766AB6A9B9A1BFBF5FA150D00F211D0100D80258841B984444AD5607DDFBE2E02F7F928C7648463B87C63A2824F439DA69F83A6A58302C8F31419B3A8D6B0C85A9CA107D1D630A182A1AD68F4DAF1CEBA466A9F1F6F676B1584C3F84740400600B60116E984A44E4F2CFDDFE9F8084C3426DF38059D057A1C6F8C97CD518D7336B342D426D8B70BAD84C79ED5419D3576A961AAFAFAFEFEDEDA51F423A0200B005B008079812917BB9BEDBCFFDBEB2FB69B7E2A5316AE8B38759561A1698E51EE5CBA902CA1AA64CB7614D4D8F21660A9B0AF418AB54763DA1C61372BCDBDADA908E00006C042CC201CCD5BD0A858217BEF90BCFFFB75552D22A7DC1674252C244AB849699352F5A0D615C29352E1B4B1A3F4B8CEB8D5F4D5B99AFB4495A428DFF12BEB9A1A1A1AFAF8F7E8EB9EA97EBD103009C0A588403682AD7E97452A9E1BC3A89A47EF079BDD01883CFEBA6C3B8328756D6099F4F1518CCA967D6330B42633163014395E985FA99EACF4921F4135555555D5D5DF473F4A3B008006079814538607C7C5CA3D10C0D0D7D7AFEEF6EA49DADEC7D5AD9FBC4F869882A6641605A499F4FAA8C6BAA6899592F60CA986A4DAF315B4985A971FA89B2B2B2F6F676FA39FA51FA69AE470F00702A60110E604E8A8844A2CD5FFFED83D22B259D0F4ABA524B3A535F74CD84614DD783175D0F988592A9950FA8B0B100B389F9CAC4543153495A498DD34F141717B7B6B6D2CF31A746B81E3D00C0A980453880A672954A25140A377DF537D94DD105ED491485C6CFA98536E6EB3DE3D77B856DF7666FA5F58635CCCAC23653F57B535F0DE50D05721AA3E9270A0B0B9B9B9BE9E7E847611100C0F2028B7080B9457E6D88CCE327E4F1E3A72361D6D736C3D77C7E7C7E5B3CB390D7166FF8CAAC9C2A3FBDB52DDEBC1D2A93D510453F515050008B00006C042CC201268B6CFEFA6FEF155F36CCFE6D09534A6863DC406260749230ED8F04662BB33CA590696DE44F0B66AACC54DDF8A4A2CBF4136491A6A626580400600B60110E3059E4D3EFFE2E24F5047330AAB0DD749C6AEA78147338ABA07DE67096A940C14C31A6802992CC1692A871FA09580400603B60110E3059E473F73FFF78C3D5FCA4FA8BEE59E7D8175EF3FAF566418DD34FE0881600C076C0221C60B2C8C51BEB8F78FC57D335BECC65BE55A68B7D4DCB7D33EBABE616CBA832C4D3B961AC428DD34FE0EC3A00C076C0221C60BAD237268BB7FDDB0FF25B12EA0773A7EF289C8A06B3CFE9ADB90DA602C2DC992AD3772C4EDF9C98CBAC29684EA0C6EF64FC8C2B7D0100B60316E100D35D87EDEDED8778FFE572CC9EA9879D4C3D04652A661E8B229DBD75DED7A967A2986DA235D42C359E919181BB0E0100B60316E100D31350BABABAFCE30F1EF8F95FBA95CC23144D4F63AC312C1B62FAAB71EBD44AE6698C8630AC99AAA8343E9C91D96A68A4869AA5C6B3B3B3F104140080ED804538C0F434C6BEBEBEFAFADACFDDFF4CD3BDE949EFC2598F886F997EE47B8BE991EFC6352DD3CB330F8A9F5A697C803C3548CDA6A53F2E2828C0D3180100B60316E100D393E1C562715B5B5B78DAB95DDFFF637E7DBCF135539DCC2BAA0CEFA49A7E159571B94362F6022BE32BADCCDE5835C66C9D7A99557E433C3578EBF1B9CCCCCCF2F2723C191E00603B60116E30BDA5AAB7B7B7BEBEDE2D62EB499FFF29D2F1DFFEA5EBD40835450DA6A5A5512282B75401006C0A2CC20DE6E9487B7B7B6565E5B9E0951742562F24921E8B14428D5053A9A9A9393939D42CDE980B00B029B0086730E98842A1E8EFEF6F6E6E2E2CCFA6D99FD288C2A6246BB210BD802A52756AE4514652565656696929354B8DD34F20110100D808588433987444ABD5CA64328140D0D8D8585252E21EB175D7F7FF189478D4528B5015AA48D51F3C78909999494D5183D42C354E3F81440400602360112EA1FC606C6C4CA3D14824929E9E9E8686069AFD6FA79F3FE2F16F077FF9D7E0A42F5A4525AF970715A0625498AA44A49D4F4D4DA52C841AA1A6A8416A961AA79F40220200B011B00897507EC05CF5AB52A986868668DEA704A2B4B434E7797650D2179FBBFF79C7B9DF1FF7FE1FBE31FB520AFCABBB3206D4CD14B4405F69256DA202548C0AA73C484E4B4BCBC9C9A1EAD40835450D52B3CCD5BD48440000360216E118739150EA2010089A9B9B2B2B2B0B0A0A32333313B2BD3C6EEFF8D2F3BF7F76E10F5BCEFEEDA6AFFE868216E82BADA44D5420252585FC4185A90A55A4EAD4083505850000580016E11E9348341A8D4C26EBEFEF6F6F6FAFAFAF2F2F2F2731646767676464A4A7A7932A1E3F7EFCC8082DD0575A499BA80015A3C254852A52756A849A824200002C008BD8058C48C6C6C6B45AAD42A1108BC5BDBDBD6D6D6D0D0D0D555555656565C5C5C58585850566D0575A499BA80015A3C254852A52756A843917028500006C0D2C622F3022D1EBF52323236AB55A2E979312FAFAFABABABA28C3686D6D6D36D2648459A695B4890A50312A4C55A82255A746A01000003BC022F6C51C97506221954A878686442291701EB4923651012A067F0000380116B1474C2E191D1DD5E9741A8D8624A19A07ADA44D54808AC11F00004E8045EC17C625C4F8F8B87E1168135306FE000070022C020000C07A601147A2A8A888EB2E0000C02C60114782C7E371DD05000098052CE248C02200007B0316712460110080BD018B3812B00800C0DE80451C09580400606FC0228E042C0200B03760114702160100D81BB08823018B0000EC0D58C49180450000F6062CE248C02200007B0316712460110080BD018B3812B00800C0DE80451C09580400606FC0228E042C0200B03760114702160100D81BB08823018B0000EC0D58C49180450000F6062CE248C02200007B0316712460110080BD018B3812B00800C0DE80451C09580400606FC0220E006F21B8EE1400001880451C80E4E464777777933F6899D670DD29000030008B380042A1D0D3D3D364115AA6355C770A00000CC0228EC18D1B374C16A165AEBB03000053C0228E41434383B7B73729843E6999EBEE0000C014B08863303131E1EBEB4B16A14F5AE6BA3B000030052CE230E4E7E79345E893EB8E0000C00CB088C3A0D168C822F4C97547000060065804000080F5C022000000AC0716010000603DB008000000EB8145000000580F2C020000C07A6091E5A46B481594DDB03AE8E9BFFC9CF4FEE9C8BFFAF2969D077592BABA26382338BB813ACFF5FE0300381EB0C8F2502390B9863C7BEF5838E762B03AA8F3EB439ED5F5C9B8DE970000470216795B46F51327E28A197FFCFE5C2C2D3F7ED95BDB332C51E8B5BA57761ED449EAEAA39782E371C51F9C8B615C722AA18406C5F57E05003806B0C85B2156EA5CFCD3984343EE692FA54A0730C762419D777B5CFDBB538603712B02D28794235CEF5D008003008B58CFC8D804CDB634E7FEE1425C49DB10E71A589628E60FD17068501F06A4D300B9DEC700007B0716B19E53F1258C42F84235E7B3FF32060D8711C957892FB8DEC700007B0716B1921A81EC37C7C3DF3F1DE93459887914B68A696834409C6C0700BC1E58C44A5C439ED15FEB1E692F399FF16D14BC47D534C04D61595CEF6900805D038B5843B744FDDEB1F0DF9F8B75880BB1AC0B1ADA07E76268983458AEF73700C07E8145AC21F0D77AFA3BFD647C09E773BD4DE3586C110DF36A4E23D7FB1B0060BFC022D6F0C9D50C9A5E1F560B389FE86D1AA9553D34CC7521CFB8DEDF0000FB0516B1863F5E4CA2E9B54E30CCF9446FD3A001D23069B05CEF6F0080FD028B58C35F9F89A2E9553C3CC6F9446FD3A001D23069B05CEF6F0080FD028B5803F3E0A925CEC56A617944D813BED2B4665298EBFF6D70BD6C4E49F550EEF5C0DBE54A8DEE957250D050DF5A678A468150355D4C3B26120CF64BC7CDEBAAFA6B329F7748B4B31B54F43E8B8878DA3E6AFA5D497D667AA554698948989172BDBF0100F60B2C620D165944D9917868BB77B9FCD57073EA156F1F2F2F9F5F8EAD73D978D6DDCBB0EC1570AF5E6E2CA9EA8EDCF3D1D187431A9DBE23FED08A8F3E3BF4F9D1CF290E7DF6F18A83311DD317830DB7046E5D753455AC361845D7FE22AF44A097965DDA7230A14DA5EFCCCD2CEA1AD14CF9465D197660F5CEC092A14963C5F6F0831BCF3C10AA601100C0F2018B58837516518BF9B98F1FDDBF9F7AC77DC7AADD0131F71E24DD4B7F56CC9FCA33543D068B3C923016597FA15CC2B420ADF87EC32193453403592756AE3CE071E3E6CDDB376FC5DEF6D8BD7AD7D5DC1C8FAD07135AFB8B7FDEBA3FB4566BB088562F11C985BDB5370FAEDE79A5A26740907579F7C6B3A90DFDF2C121EDD2D311580400F07A60116B58AA4554B2BAD2CAC234BF4F5DCFC6E555BEA8694E38FCD1C6633FFCF0C345435C38BDEDE3BD11AD7A43167270958B89957B7897F69A59A4FCFCFA43719D8C45260773CEAFDD783EF44E7CF4DDF8E8B8CC5A61EFD3EBE149493F6DD97F2DCEEDB37D218D52E6B8D650DEC90F576CDB7FF8E0A1C30776AF777159BBF3A07179CFC615AE1EA532580400B03CC022D6B0548B486B03CF1C3B7A70EB0A97B57B8F1E3B13F8EBDDCF3FDE7C9AC7E37918E2E2379FAEDE67B0886E7258AA96885A6EED5E75F89E402C5136C71873118DBCF88EFF8F2777ACDE79B58A99F7D5C2FB5F7EB4E1877B99CF0B739E173C7FD1F86BE0F9D3A7BF3A79D0D565C5B67DFBF61C38E3FF54303E659175A7B3868CC9506BF4BE9D812F87A712A3835B96DF2242A13039399906C6C2CE0700D815B088355877444BAB11A51C597FEA5EEDD439F3AA8C1FB7EC375AC474446BD5813BC5B9055D4D7187D61C0CBBFFE861F0F15D7B8FFF7C3521ABB87BD4785ADE63B3EBE163DB5D5CD69FFE89E771E9FA93C8C36B8FDD6F6A69ED36447DD60FA606C922E4AE4D5BB76CD9BA65C3472E2E1FBA6E66963F7659BE5C646262A2B1B1F1C68D1B9E9E9EEEEEEEB00800EF20B08835586B11F183232B566ED9BD67CF5E43ECDEBE7AC51E66D2D74807CA1E5D3BBEDAC5C565F389E0E2AA98432BD77DE6EAF2F1FEEFDC7FB97064B5CBB6C0DA11ED705BE4897D3F3F692BF0DAB4FAABE73D434AF16047FCA1D57B03531F3E7A6A88E45BC75DCD2C62CB5C44A3D1141414F8F8F8787B7BF3CC60FFDF0200C02DB08835586C91ADBCC7B979C53D03A947D71F8F292D2BAF3144D1C3F39B8D93BEACDE778BCBAA1D47767FB462E6ECFAF9EC4CB71D076E77F4E55F74DD1E6C7480AE2AF0D0E68D9BD6AD20D9ACDB4C89C5D6CF76AE76D9F27DF0D5ABD70C11E8B677CD3E7672111EB07BD8FFFF02BC9BC022D6B0748B6814A2D2B8F3EB5C5C3EDAEB9ED23AF0F0E8C79BBFB97CD9C7DF105E3FEC9E9AF4C7C55D433245F79C6BB4449D0F4E6EDC7B72D727FB22BBCDAEAA1AA9F6DBB2E65CA9443B2A14F43C38EAFA75EEF4DB4D861B2E6F9FCE45E4CD51FEB135F2B9B9885A58762BE871ABF26D2D825CC4CEC1BF05600D58C41A966A1145FB8DBD2B3EDEC7BBFDBC47D4951B1EE873C675C5D60B570283420CE1CFDBF7D1279FF30283135B0D17562D70A5EF487DE84E17978377DBCD9F1C6CB4C8D9CC82C8AF3F3D79F3DA211797351B376EDC64880D6B5D5CF644549778ECDBB17DBB596C5AEDE2B26AE3F4D76DDBB66FDBBA6DCF2FC522ADF51661C07911BB05FF16803560116B58722EA217B6F44934C62460A8BBACA824D5FFF4375733720BCB0AF3B3AE7FFBF9D9B067B905A545351243AAA1EABE3DDB22E28102B72D1F6FD9B166D5EE806C81492423557E9B5D5C56AC3B195D25163F3CBAEECCDC5C6454A51A57A96742D618B96F877F8544AF541942A11C5328468755936F938BCC01D768D91BF8B700AC018B588345E745A642AB6DC9B8B2DFF5F0D552A5F1DEF2B19EDCEB5FBA6EFAEA4E8358FB4A2D15D76604EE59B1EE628986DCD3167B68EDD1608F7DABD69DCFEC9176257EE3EAB2F6F4F5C221E3712D5DA5DFCE2DDFA536CB27B55AC9A32FA62CA292495A72AFEF5B7BEC816062CE4F2B9A22F66CF7AF1AB6A4B7165A04D81BB008600D58C41A2CB6C870C79D639BB69D0C4E6BD668CCE7F7AEE77EDFB8DF6BD1F63C38B1D675EFD9AB053D86FBD8F56D0927367D76FAF4B93B551263C6A012E7DDBA72E78564EAEC8846AFD43066923C3AB6F1EB5C955637DE75FFC4FACD9F5F8C6F99FB342DFA95C6887D3BFD2BE5B0C83B042C02580316B1062B7211B56A5C63F924CE79C0220E0A2C02580316B1063C191ED839B008600D58C41AF0962A60E7C022803560116B586B7C636E6A15DE980BEC145804B0062C620D41D90D34BD9E882BE67CA2B7697C195344C30CC969E47A7F038B8145006BC022D6D02D51BF772CFC8373311285DED65339574143A301D2307BA46AAEF737B0185804B0062C62251B4233E9EF74F7B4979C4FF7368A5F1E55D100375FCBE27A4F036B8045006BC0225652DB2BFBCDF1F0F74F4716F1C59CCFF8CB1E85AD621ADA6F8F47D4F5C9B8DED3C01A6011C01AB088F59C492CA1BFD6FF70218E2F54DB7A5A6733683834281ADAD7492FB8DEC7C04A6011C01AB088F58C8C4D7C18904EB3EDDF9F8F739A8C84B2101A0E0D8A8636363EC1F53E0656028B00D68045DE8A21E5C80AA3487E772AD2ED71B5439F6C1F1A1EE33DAAFE8F276F330A91A846B8DEBBC07A6011C01AB0C8DB32AA9F389550F2DBE31134F97E702EE6CB98A287D5829A1EB94318853A495DA50E53B7A9F334041AC8D7492F9085383AB008600D586479A8EB936D08CD7CEF5838F3E029470CEAFCE66B59389DEE1CC02280356091E5A447AA0EC969FCE46AC69F7EB9F7FEE948CEC5F0C6A04E5257A9C3D46DDC17E24CC02280356011009C105804B0062C028013028B00D680450070426011C01AB008004E082C0258031601C0098145006BC022003821B008600D58C431C8CBCBE3BA0BC0918045006BC0220EC0F8F8B8878707D7BD008E042C025803167100464646BCBDBDB9EE0570246011C01AB08803A0D3E92E5FBECC752F8023018B00D680451C80E1E1E1C0C040AE7B011C095804B0062CE200C022C0526011C01AB08803201289C2C2C2B8EE0570246011C01AB088034016B976ED1AD7BD008E042C025803167100FAFAFAC2C3C3B9EE0570246011C01AB08803D0D3D3131919C9752F8023018B00D680451C80CECECEE8E868AE7B011C095804B0062CE200F0F9FCB8B838AE7B011C095804B0062CE200B4B4B424242470DD0BE048C0228035601107A0AEAE2E252585EB5E0047021601AC018B3800B008B0145804B0062CE200545454A4A7A773DD0BE048C022803560110700160196028B00D680451C80E2E2E2ACAC2CAE7B011C095804B0062CE20014161666676773DD0BE048C022803560110720D708D7BD008E042C0258031671002811A17484EB5E0047021601AC018B3800595959C5C5C55CF7023812B008600D58C401484F4FAFA8A8E0BA17C0918045006BC0220E002C022C051601AC018B38002929297575755CF7023812B008600D58C401804580A5C0228035601107202121A1A5A585EB5E0047021601AC018B38007171717C3E9FEB5E0047021601AC018B3800D1D1D19D9D9D5CF7023812B008600D58C401888C8CECE9E9E1BA17C0918045006BC0220E407878785F5F1FD7BD008E042C02580316B15F780BC175A7806380FF54006BC022F64B7272B2BBBBBBC91FB44C6BB8EE14700C6011C01AB088FD22140A3D3D3D4D16A1655AC375A78063008B00D68045EC9A1B376E982C42CB5C7707380CB008600D58C4AE696868F0F6F6A619C1CBCB8B9697A3C9F1A1D27B090542FDFC2D13A36AA552B5084A8542BD401D60A7C02280356011BB666262C2D7D79766041F1F1F5A5E8E26F50399C1571E09C6E6FFD67055B49FD70C970C0990C7CCF72BC91DA34C41455366424488AF1B6D0F2B969AF56A52D3991F7FD57010CEDDFF767A9D546FE57AF0D6C022803560117B273F3F9F6684E57BD7A1D122690B58640EE3E2BC50DF7B9DA30B6C91D5643DCD29A92C8CF39E6511D2D09D4B6EA14FEAFA8606DB0AEF7AF38233FBC6AC580F96015804B0062C62EF68341A9A11E8D3EA167483FC867A133505B13EDE77F25ECEACA9AF6BEC52CECB7316B7C814FABEA7FEE616A10A5779FEE9537E9A18AEB8E5E67DBF63C4E2F560398045006BC022CE8FAC363D31DE446CB8E108596064DCCCAAB87B79FDF392008B2DA2A98F72F3886B9DD6C0F8604E302FF8B9486FE1FA651BF6BB0D2C0258031679D750D7DDE6F1DCA31BE6E436DAA63B33B7A62CCEED5AF5748D391699901687F1FC660E954D2A2A6FF22EA776EB2C5C6FD3C1BF3BC022803560113B65D2C8C43C98F5D6B73BD291ECEB7DD5DFF76E9D6A762B737F6B6C3037C4F75EBBCE7CDDF8F8C44C25D62CD235A40ACA6E581DF4F45F7E4E7AFF74E45F7D79CBCE833A495D5D139C119CDD409DB7FE1FEB2D8045006BC022F608E30F99AC4B2A6D178B3A28468DE8F5FA719AC98D2EB1AE652DFFBE5FD0B38E960757C27216BADA77067B38A2552390B9863C7BEF5838E762B03AA8F3EB439ED5F5C9ACF8C77A1B6011C01AB088DD31AD908EC86B7F32455F6FB34AA5D26AB5E412EB45323E5474C3FBD60B29355F76DBE766BEF03597442DCFD9F5F645CEA2BF66BD9151FDC489B862C61FBF3F174BCB8F5FF6D6F60C4B147AADEE959D077592BAFAE8A5E0785CF107E76218979C4A28A14159FC4F662DB008600D58C4BE601442290899232AECEF6E87FC03052D445EFF63477B8D5C2E2797E8743A4A4A2C17C9D86051B8577086C02806BDB838C22BE07EDDF0F822A55F6391C911A97060405073CF871794D1DC3730201A1EA59E4CC82BEF5C720B7B52DF3F34D85E14E3CD0B9ABAA2D7C2F5AFC44A9D8B7F1A7368C83DEDA554E900E6582CA8F36E8FAB7F77CA70206E4540FA9092A58BD06011C01AB0881D315F21352F836AAA834C22E1B7560C0D0D29954ACB4532365495E477E9FAF37E931626948D0F02783E31C5BDBA85DA3058C4EFFE8216D13545CD3EE77EF941B7B1DCA4BA332FCE7817A19B5F447AEDCCDD8516AC1F199BA0D996E6DC3F5C882B691BE25C03CB12C5FC211A0E0DEAC380741AE092FF8BB01E5804B0062C622F2CA090EA2099A2483E5C6C1049984124B7C3FEB9A5B98C44A25028962E9271B5A03C35CCC32D24BD55357B021B1F6E4C0B71E3F9DCC96A108F9A5A991CD30C8BBAAAD3433D43F3C48BA52A36E3547C09A310BE50CDF9ECBF8C41C36144F255E20B1676232C02580316B10B165408F9832C325F24CD4DA51689E44594D7A5D00795C291050B8D49EA33A2231E37C84DBED036DDF5E479F884C417F42C98A5D8901A81EC37C7C3DF3F1DE93459887914B68A69683440164EB6C32280356011EE592C0B910D172BD4956A75A5CCA813EB45323EA667D906D6E21AF28CFE5AF7487BC9F98C6FA3E03DAAA6016E0ACBB2F59E8445006BC0221CB3581642A1362A84092629799B8CC4FEE996A8DF3B16FEFB73B10E712196754143FBE05C0C0D93066BD39DC9B2454606AA2BDAE58B5C3AAE97365554774D1F4D9DD40D343774CE7FE40E705860112E59F4409651218AE9609699035C352F9D562481BFD6D3DFE927E34B389FEB6D1AC7628B689857731A6DBA33ADB64846F09B9F6170E549EFAC6BC4C7069E87F278DEF79AD50BFEE7A76B8AF2F04B9FAE32D6F72430E061BBE10A1103EC5C6C006C092CC2190B28A436D0FC4096DA4C21269118CE91D4063AA5483EB99A41D3EBC36A01E713BD4D23B5AA8786B92EE4994D77E672E522939AE624DF2B4F5EF30CE8495DF7B310EF9B592F5283AFA434A916F8AF4FD73C6391C991BE9C10774FFF2B818181015ED4CBEBC51268C4C18145B861BE425ED65C91CAF265F27CA5AAD410CA720AB9B28CF96A5AA0021454D8F944F2C78B4934BDD60986399FE86D1A34401A260DD6A63B73992C3221290C750F29185AF452BDD1C117D1977DE26B86275E8DF6E55CF7B995637E49C6C470537EE6B327717E3CB7B0FB4F33F31A65CAD6641F5E68213538A1A8BEE3E99BDCAA71C8FF588119B00807CC574855B5CF90E439854C5E6208CA48988585822949559C4C247F7D268AA657F1F018E713BD4D830648C3A4C1DA74672E8B45269575F1942FDCAC542CF85FD3A4BA3327C2CB2BB2B07FEA56CA0965536AA0E7D5D497A2A9DB8C26541D95C5054FC22FF13C6E3DC92F2A2CC8880A08BB9F722D20B6B2A73AFEB24F42BDD2F1FE3B05738145D866BE42CACA2F0F88322906079F3C88FB5FB432FBE96EA9244F2C9D15B4923651012A263496A78ACE2412E6C1534B9E8EF55DB999C582515A18E4F3EBEA5B4D51DFD82B56CF2BAF55D667A5DDBFFFD03C1E64F1C5DA59C554FDC5A1BF843D6D1FD12CF4A39AA19ADB57E26B64AFB42A61D69D84BCDE71AD6EACED517844AE586589489891DA74672E834526E4D5B1BEBEC15EEE372B4482C27B0939EDEA99634FE38AF6DC681F9E5BC09DAC8A3AC33B6AA67859FCE02AFDB6FFDDEC06317369F9E470C54D1ECFFDDAC3D28E8E8AE72FBA34137AE1F3102A13FCB453EB60FF89820581455865BE42CA4B3DFA04E97DFD6982BE478C4298C87AF229A9C214F4D5B4898A51E1DE01432DAAEE3422B1CC22F206BF9DFBAF358C68B58AC2806F8E9F387582E28B3D1FBBB8B85ECCEFD7BCD20E773F0CBF19163615B7123382767DBCF38740FF5F0EAFFE68FF45FF10BF1FF7ACDE1DD5A29CDDAC465919756AADEBF9D4EE05AE1353F7A51F597B3A6B881A6FB8BC7D776803394C57E6B175CFAD0E8593596452DBF92CD4FB5A4E7B4DA417E52263B2FA472197FC13CB078D59C698B030C2DBEF4E76AB909F7D3F710EF7322A2A32227D78EEE1C5623DB9A8FCD6D44979EFC47AE5845EDE9A73C7C7C32FE8B267D8E3DA21BCDCD2098045D863BE424A4ADD7AFB52BA0429A484FB317F3179624A24E9DB697D4F5F3A2DCCD94485691353971A710E91586291F1EE075FEFFC216F403369966DA8ABAE1D58FD6940A1C8B85221781A131379D363C78ACDDF8746DF799015BC67AB7BB976B8F1C6EE4F035F0EBF9255FA6CDB17D522EB4FBEB07FE7CECFCC62EBEA956BB7CE5AB3FFDB448172BE451A0D16293758A4D3A92C32A16ECFBC76C937E1A57C5CDB14E5C51CD19AD4F515455FF6BC95DD65CC20260D2F0918D7484583F311C94626F42AB976C2F082E6ECAB6ED419DFFBC5794F1F26C7DDF0E15DBAF6B05A343AAE687E7ADD83E7179D59D36FFD7B3C813D008BB0C47C851415FFD8D995484126A098E30926329F6CA3587053774F6AB720B5AD33895AA0A69C40244BB7885A98FFF3EE6F1F74294AFDBEBC9831A4362844531FFBF51A975DA17523B30A4B4ACEBA1E7F3C30A9557685EF5EB1FAD3830776B9BAB8ACDD79F0F0819DAB57502E22ED0ADFB7C3BB4C39AC186542D29EE9E795543F343ABD465515B47B4FD0B3E03D1FBA4CB162FBA544DE6C8B0CCB3B1E2596742A261DDD229323FDA509FEBCCB31A522439EA03359C4805EFAF25EC0A5AB8F9B14C6635BE343F9213C77FFAB21E604FBF27811B5CC35BF86076E5E0E7DF23CDCC32F8DCFCFBA7D332EF96E706048D814C13E3C9ECFADCC76DBDE3A036C0D2CC206F315929F77A1B52D96DF1A471A6022E3D196056DB160506153457E5B2C35450DDAA748683A4B4E4E160A856F2CB9548BA8048967D7BAAC3F7AF2E8679FAC3BFB5030AE19EE7DEA7360B5EB298F9F0EADDB70E2CAD32E8976218BECDD743EBDADE9B9EFF62D1E994DBD8D191737EDA55C64E0D125B7D8969953FA8A96A87DDB7C2AE4A65FD4B7DDBFE4F1402091AAC5FC94C36B4EA4F5A825A25AEF2DEB4F872425DE4F8B3DBF797748C1839FB7AD3B11DF2077788B14DCF2F0B896DE38FD409CD91679653861DEDDD836C49CF2208B84FA2675CC7E62A7BA2EC26BCA226303C5F793F2FB8667EE17191F2A08F34B6C30FCC7A950489A5302AE660FBEF63537C00180456C8EF9FB42A61572AEB12592A2D52800533C79B871290AA162ADADF133155BE399D6E68B8479FA2FF33E12AE864FD399BBBBBBA7A7E78D1B371A1B1B5FD393255B64202B3E29E5C9D3E0C3EB8FDC69A8CD0AFF76DB8A8F0E06FDDA4326181756275FDCB566EB7771E583235D69978E1FDEF591CB87DBBFF07B2EE808DFBBF9629EB8BFE2EACEED3E45FDCADE028F2DFBA6CE8BC82AFD3F5DB37ECBF61DDB2936AD767159B9619B7179DBA6D5AE17F22566E745D67C11975756D35D7B79CB9A031703FC836EDF38BBCEC565D56E5E5AB36C490AB1738B4C8E6947CCFE89E659C49C375964BA8DE6591609987A02F4ABB1DEF4C01058C4F181456C0E594426EB3257487DC32D8AC6963B140D2DD18DAD514D2DD14DAD867892BAFE0D0A495DDFDC1A6DA8DB1A459F54D1F0D91ACDB4F93CFBDC9CA7FFAA542AE6C5565C0DDFFC9E676F6F6F1F1F9F8282028D668143E1969C1799E87DF6F3CE6371E585370EAEDD72E67A71B7D94972CD705F66A86770E680A4AFE36549C291D5FB6F14740CC87A93CE7EB665CBD62DEB57B9B87CE8BA792B2DEF3CFBA04D65A8222DF7DC7A30815956B646EFDBEE5F356C6C6D28EFA4EB57CF8D16510D75E4449E772563ECE23D68AC363B2FB2E5D3A04699339D173143DBF87A8B84F03CAE84869913E2C7739B6D116D5394BB5FDAB44542796E3E867B0E0303AFF8BAF3826011C70716B13953C7B2AEFF911442B37C7DC3758AA6A6488AFAA6080A66C1F4353D65C3620AA14DE685E754645A66441211FA4FB53505FDFDFD72B95CABD5EAF553FFABEAA6191E1E9619191C1C1C30D2D3D3D36184CFE7371AA9ABABAB345251515134CDAFD3A4A7A7A719494E4EBE67242E2EEEAE91C8C8C89B46AE5DBBB6D85334E6EFA8255B6452D2907062DDB60BE1F7A26F85852416C79D9F757AFCB3C3FE65B27947B4A6AB9BCEAE9BB74916717559BB8D6961EB1A32C5E64F8DCB3B36B87C68B488B4C66BA38BEBBE7DAB57BD0367D7CDD036DEF109AF1C5ECC22453703E2AA7ACDCFAC0BBB8A6EF9DEA9373FD5A16D8EBF1296D96FF84F7042527C2B38B55D6D7C01B4BA2B3DE47AAE88B33F70C032018BD81CB28858D4C158243FEF02933450F6C0642114945B4CA5172D779A5F9B8ED026AAC8D4627211268F317C4EA723CC712DB24865454E7777B7291DC9CDCD35BC4F6A1AFA5330D8084DF4CC8C4F533FE30092016305D203E3091286491E269D905A18C7906C18EB907E180F91901833D1AC626E0E2F2F2FFAE9B7CD45B4B2CCEFF7EC3DFACD8F5E21B762D3B21B64E27E518FA0FFC5D5DD1B7FC86DE911760964F239E745FA347DDDC29A67A9098929B1215FAD5B7B3C283625313139F171AD503D65912D07629BA4C6B3EB0DB7F76DF779613CBB2EEFCF3EBE8EC945C6C502B95CF06E5CA3058025C02236C76411D3A559CC690C7E5B2C73629C6FC9A911C349116315FEEC8A4C9BA68BB5C822E5E5BFD2842E1289944A255984ABE12FFF79919913248AD6D2ECA407F5228333F42DB7F76FF5A8353BB23421E96E7A9E78790765161F7DB4FD9767CF1323C2C26E5EBD7474CDC787DC836F8685DDB816F3A277DA221B3EDE73FABB1FCE5FF8E1DCC9CF56BA6C3976CEB07CFE9BCFD7AC9A3AA2A55DE04A5F9D6C505C3C6D11B5724C0D8B80770F58C4E6D0BC4993785F6FF3EDB07F369EB1F887E2925F98A9DF749D95459769995FA0657E9916356B5248417E5A7D7DBD9D586499AFD1D26AEA1FDE70FFFAE0C6952B371EBAE077BF45B2A045865B83777EB2E3A4E7F594D246E198E95EF4058F68C9AB830E7C115ED0D0D1D4D4519B13F0E9C61F1FD518961B2B53CE7C76B1503A6D91DEB4198B6CDBF67DB0DB8183FE777FDABAE7668742A7ABF0397CFEA964292281458033018BD81CC6222A95AAA3BDC624929252B7CEAE44C3DD1E02C36D1F5D8294C5EE0B59EC3E92EE9E54435DFA34DE7462BA899D14929BFBB0AAAA8AFEF0373FA2C5F56E78334BCE4546EA63FC83E20B6AFB4735AA81073F1CD9B7FFC0BEFDFB77BABAB87CBC63AF61F9C0BECFBD734513CA61FD943C34C395A9F191513114E1FE27D6AE3E7A393C86F97AF769B77C76FB8AE6C8BD5B2F97CBE7FEAE72A8AFE8F6C94F367A19360DBD38FFB18BCB6EFF5F053A7ECCA1F567EE1757FCEAB97D874FF5C812FA0F8B00A70216B1396411BD5EAFD56AE57239BFB5C22492B2F2CB82BE94DEBE949E3EC30DEA0BDA222B7DFBFC1BD79930DCBB3E7DFBBAE9815AA490E7CF53CBCACA2811696B6B9B7F76DD9EB1F88896212FD18B7B073ABBE64647D7904463564C335CF1208ED1C6AC888CBE93DE39E7F22A4573D4FE1DF32DA26FB97364FDF6537E99834AFAAA1ECA8B7D5C3D643869AF196A8EF3F8FAE891A347CFDEAC942EA9DBB008702660119B333939393E3ECEA4239419B4349799445255EDC3C84028CA347F8856D4EC4769993F442B6AFA515A03A2CCBEFE340AD3C37D4D0AA9ADADE5F3F9BDBDBDF670A5EFD2B1C6228E19B008702660119BC3DC7548F3B84EA7532A9534B33737959A44F2B23A60CE037D99C87EBA5B2CCD934AF284925CD3037D4D0AA1C24C2DAA3E5F21ADADAD0281C04EEE3A5C3A7832FC32028B00D68045D88011895EAFA7395DA150CC15495520F3CA10B138CBF464F8F9AF15313D199E8A31E5A9E26B1462274F40593A784BD532028B00D6804558E2F522A9ADBDCABCC450AE2C337FBFA16159593EF5F643E60588AA52A92C9F82AA38934288B5C637E6A656E18DB9CB002C02580316618FD78BA4AE2EC4F08A434591C2F88A75F337AE9BDEC1CEBC7A9DCA50612753081194DD40D3EB89B862CE277A9BC697314534CC909C469BEE4C5804B0062CC22A4B1789491BE6CB32E75508D12D51BF772CFC83733112C5026F88728EA0A1D10069983D52DB3E0E1D1601AC018BB0CD1B4562C836868BD5B3731183421445B4C95915C2B0213493FE4E774F7BC9F9746FA3F8E551150D70F3B52C5BEF495804B0062CC2014BC9484818E6B90893A338B74288DA5ED96F8E87BF7F3AB2882FE67CC65FF6286C15D3D07E7B3CA2AE4F66EB3D098B00D68045B8C12291BC230A61389358427FADFFE1421C5FA8E67CDE5FC6A0E1D0A068685F27BD606137C22280356011CE58A248DE850359E68C8C4D7C18904EB3EDDF9F8F739A8C84B2101A0E0D8A863636CEC6BD3BB008600D58844B96728EE49D5208C3907264855124BF3B15E9F6B8DAA14FB60F0D8FF11E55FFC793B71985485423ECEC435804B0062CC2316F14C9BBA6108651FDC4A98492DF1E8FA0C9F78373315FC6143DAC16D4F4C81DC228D449EA2A7598BA4D9DA721D040BE4E7AC14E16C2008B00D68045B8E7F522317F52EF3BA21013757DB20DA199EF1D0B671E3CE588419DDF7C2D8B85D3E9738045006BC02276C1622221793051909F565555555F5FCFE7F3DF118598E891AA43721A3FB99AF1A75FEEBD7F3A927331BC31A893D455EA3075DBD6F7852C062C02580316B117E68BA4A5B9ACB6A6A0B222A7BCFC57F2476363635B5B1BF3A4DE774721C03A6011C01AB0881D612E12E6E9BFFDFDFDDDDDDDCCCBCC6981BE9A9ED40B8580D7008B00D68045EC0B7391A8542AB95C4EDA1019A105FA4A2BA110F0466011C01AB088DD617A1FC9E8E8A856AB256D288DD0027D655E39058580D7038B00D68045EC11934828E7C8C9C9199D86BE42216029C022803560117BC7CDCD0DCE0096028B00D68045EC1D6F6FEF9111966E787E37C9CBCBE3BA0BCB0F2C02580316B17760115BE394D91E2C02580316B1777C7D7D351A0DD7BD70669CD2D3B008600D58C4DE090C0C1C1E1EE6BA17CE0C2C02C0DB008BD83BB088AD71CA6C0F1601AC018BD83B212121128984EB5E38334EE9695804B0062C62EF5CBB764D241271DD0B67061601E06D78072C3221AF4E897FDE3F366FFDA8DA7843F88228150AB59E8BDECE0316B1354E99EDC1228035DE018B8C0F1584F9DDEF1C9DB37A62B82ADACF6B864BF4FF1DCF63E6FB95E40EA6CA84A229332122C4D78DB687154BCD5E3434A9E9CC8FBFEA49EBDDFD6FA7D749F556AE7F2D1111110281E0ED7601781D4EE9695804B0C6BB6B91B9A5C479A1BEF7162A352EABC97A9A53525918E73DCB22A4A13B97DC429FD4F50D0DB615DEF5E60567F68D59B1FE0D444646F6F4F45836646009B008006F83135B6442DDD739A0D44F5B64644CD6C3EF1A1E5FA4F4E2169942DFF7D4DFDC2254E12ACF3F5DC0886062B8E2969BF7FD8E118BD7BF0958C4D63865B6078B00D6705E8B4C480AC3BC225F2A27A72DA26A4CBCEC11512A5DF8DDD7165B44531FE5E611D73AAD81F1C19C605EF07391DEC2F56F1C475C5C1C9FCF5FD290815538A5A76111C01A4E6B119AA5AFFAC4376926678E68190E29797AC5D62A265FBDD236DD71E7BD99DBB5A6F79DCEB1C884B4388CE79726983E2635A9A8BCC9BB9CDAADB370FD1B07028BD81A580480B7C1492D32A96E4CF0097CDA6B98B3CDCE8B8C0F15DF74F749E16B275F191EBD6ECED8606E88EFBD769DF9BAF1F18999C72B716591848484E6E6E665DA2F60019CD2D3B008600DA7B4C8A4BA35C5CF2BBA466174C0ACB3EBA382A757DC82B307E69DD6B6DB235A2929297575754B1A37B00A580480B7C1092D322EAB8EF5F6082F914C9D489F7D8DD6A4AA21DEFB5264857CCEE991E539BBDEBEC859F4D7AC7F13B088AD71CA6C0F1601ACE18416797AD5CD3BB64A66BA186BEE95BEE3D2EAF44785DDDAD9CF027F8D452647A4C2810141CD3D1F5E504673DFC080687874D2703763E59D4B6E614FEAFB8706DB8B62BC79415357F45AB8FE0D3C7AF4A8BABADADA9D01DE8C537A1A1601ACE1841619918986CD67E7A5DF2FB248295D53D4EC73EE971F741BCB4DAA3BF3E28C7711BAF945A4D7CEDC5D68E1FAD7929E9E5E5151B19492C03A601100DE0627B4883913238A81FAA7619EA1F9E2C56E14793539A619167555A7877A86E62D5E8A3360115BE394D91E2C0258C3B92D32217B71D3D33B3836B74BBBF8BBECB44D773D791E3E21F1053D3A3B7CE35D565656717131D7BD70669CD2D3B008600DE7B68833909D9D5D5858C8752F9C19580480B70116B17760115BE394D91E2C02580316B17748212412AE7BE1CC38A5A76111C01AB088BD038BD81A580480B70116B1778A8B8BB3B2B2B8EE8533E3949E8645006BC022F64E4545457A7A3AD7BD7066601100DE0658C4DE81456C8D53667BB008600D58C4DEA9AEAE7EF4E811D7BD70669CD2D3B008600D58C4DEA9ABAB4B4949E1BA17CE0C2C02C0DB008BD83BB088AD71CA6C0F1601AC018BD83BCDCDCD0909095CF7C299714A4FC322803560117B87CFE7C7C5C571DD0B67061601E06D8045EC1D58C4D63865B6078B00D68045EC9D9E9E9EC8C848AE7BE1CC38A5A76111C01AB088BD038BD81A580480B70116B177040241444404D7BD70669CD2D3B008600D58C4DE118944D7AE5DE3BA17CE0C2C02C0DB008BD83BB088AD71CA6C0F1601AC018BD82FBC85E0BA534E88537A1AFFA900D68045EC97E4E464777777933F6899D670DD2927041601E06D8045EC17A150E8E9E969B2082DD31AAE3BE5543871B6E7340301F60F2C62D7DCB871C334BBD132D7DD71369C38DB8345006BC022764D434383979717CD08DEDEDEB4CC75779C0D27CEF66011C01AB0885D333131E1E3E3433382AFAF2F2D73DD1D27C459B33D5804B0062C62EFE4E5E5D18C909F9FCF75479C1367CDF66011C01AB088BDA3D1686846A04FAE3BE29C386BB6078B00D68045C0BB8E53667BB008600D5804BCEB3865B6078B00D680450070426011C01AB008004E082C0258031601EF2E934626E6C1ACE7BA776F052C0258031601EF288C3F64B22EA9B45D2CEAA01835A2D7EBC7C7C7199770DD47EB8145006BC022CB43D7902A28BB6175D0D37FF939E9FDD3917FF5E52D3B0FEA2475754D7046707603759EEBFDC736D30AE988BCF62753F4F536AB542AAD564B2E717491C02280356091B7A54620730D79F6DEB170CEC5607550E7D7873CABEB9371BD2F59825108A520648EA8B0BFBB1DF20F14B41079FD8F1DED3572B99C5CA2D3E92829715C91C02280356011EB19D54F9C882B66FCF1FB73B1B4FCF8656F6DCFB044A1D7EA5ED9795027A9AB8F5E0A8EC7157F702E8671C9A984121A14D7FBD5B6CC5748CDCBA09AEA209348F8AD154343434AA5D2A145028B00D68045AC44ACD4B9F8A7318786DCD35E4A950E608EC5823AEFF6B8FA77A70C07E25604A40F2947B8DEBBB66201855407C91445F2E1628348C20C22B91DF6CF2DCD6524128542E1B8228145006BC022D630323641B32DCDB97FB81057D236C4B90696258AF943341C1AD48701E93440AEF7F1F2B3A042C81F6491F922696E2A756891C022803560116B38155FC228842F54733EFB2F63D07018917C95F882EB7DBCCC2C9685C8868B15EA4AB5BA5266D489D388041601AC018B584C8D40F69BE3E1EF9F8E749A2CC43C0A5BC534341AA0339D6C5F2C0BA1501B15C20493943887486011C01AB088C5B8863CA3BFD63DD25E723EE3DB28788FAA69809BC2B2B8DED3CBC3A207B28C0A514C07B3CC1CE0AA79E9F0228145006BC02296D12D51BF772CFCF7E7621DE2422CEB8286F6C1B9181A260D96EBFDFDB62CA090DA40F303596A33859844623847521BE8D0228145006BC0229611F86B3DFD9D7E32BE84F3B9DEA6712CB688867935A791EBFDFD56CC57C8CB9A2B5259BE4C9EAF54951A42594E215796315F4D0B5480820A3BAE486011C01AB088657C723583A6D787D502CE277A9B466A550F0D735DC833AEF7B7F5CC574855B5CF90E439854C5E6208CA48988585822949551C5424B008600D58C432FE783189A6D73AC130E713BD4D830648C3A4C172BDBFAD64BE42CACA2F0F88322906079F3C88FB5FB432FBE96EA9244F2C9D15B4923651012A263496A78A8E28125804B0062C62197F7D268AA657F1F018E713BD4D830648C3A4C172BDBFAD61BE42CA4B3DFA04E97DFD6982BE478C4298C87AF229A9C214F4D5B4898A51E1DE01432DAAEE70228145006BC02296C13C78EA2DE7687963CC0FBC476DAA39EB2744B579999552E5A21527A5FCB2C2C6E199022A69756973CFF0E482E595BD05A11EE1B97D565E05C08C94EBFD6D31F3155252EAD6DB97D225482125DC8FF98BC913532249DF4EEB7BFAD26961CE262A4C9B98BAD4886389041601AC018B58C6922D322EC8B9E1769177D114EEB7F2FA2798ADB24A9FADBBC39B94B3AB68877FFDF693B55F473FCEC87E3A1D59A542B9D65446F3C27DF3F68046F97415B5E0E1E7AE5F670C9A2C32392CEC6D6AEA60A2B1BE34E2C4EA15BB83B26B3B4C2B9B3B952AE7B5C87C851415FFD8D995484126A098E30926329F6CA3587053774F6AB720B5AD33895AA0A61C4824B008600D58C432966C91B1E65BBB566CF14A7A969B9995FB34C16DD38A7D516DFAD75864B839E6E0479B4EF17CBCBC7CBC3C7F39F2898BCB8A43D7ABD59AE9029AA10A9EAB8B8BEBF6EDDB7718629FC7C384D32B5D5C567EBC9A61F38F45E5D73EFBD075FFD12F8F7FB9501CF96CD58ACFD3041AE7B4C87C85E4E75D686D8BE5B7C6910698C878B465415B2C1854D85491DF164B4D51838E22125804B0062C6219165964E5C1FBAD5D25776F3FA96B88DDEBE2E2B276F3962D5B2936BBAE707159E5BA69D3CE1F0B078DA986AABFD86FCFFA4F3FDBB0D323B747A1AA8E3AB566E5BE2B0572F54C83FAF684E3DBBE0ABEB0D1656750715D635B7DD5338F4F77FC18726EED879FDFA915F5F54BFAC4AA866B7B76F8CD242B734292FBF5DAE5B68850284C4E4EE67CCE327F5FC8B442CE35B64452B41A05608A270F372E452154ACB5357EA6626B3CD3DA7C91304FFF65DE47C2ED4E3087F37F11F0EE008B5886A51669AAF0DFB8F2C4A38A98BD2B76F817F474760D343E3ABB8A8CB2F54A5E4B6F9B40A31A161625F81EDDB8FDDBF896216947E2379BD66E5DFFA1EB57B72B951AB306955D8FBFDE7222BE5D597E69C3AA63F7D3BC36531B1BDD8A84D246BFADAB4F3E121B7D3329ED68A8E44B2A824FEEDF7F60DFEC38E2912F10F24B6B258AE538A24533666363E38D1B373C3D3DDDDDDD399FB3C822325997B942EA1B6E5134B6DCA16868896E6C8D6A6A896E6A35C493D4F56F5048EAFAE6D66843DDD628FAA48A86CFD668A6CDE7D9E7E63CFD57A552312FB6E2762798C3F9BF08787780452CC37A8BAC648E68E92A2E6F733DB8CFD574444B237F71FF412E5FAB512BEA9F849DDCB072DD673B56AFDEF343446E8368FAC4B846F6DCF3C885D401A56E52DE591AFBCBEE556BF71F70FDE4447C875CFB4AA39E73767D52D6D7D7D6DECB04BFA1F0DAF1B52E1BBFBD95DB6F768AC57A8B68349A8282021F1F1F6F6F6F9E19ECFF5B9833752CEBFA1F492134CBD7375CA7686A8AA4A86F8AA060164C5FD353362CA610DA645E784E45A665462411A1FF545B53D0DFDF2F97CBB55AAD5EAFE7762798C3F9BF08787780452CC3628B94FB6F5C7532AD3296B18866E8C54F1B77F925BA9BCE8B6886E5FCAAFCC450B72F36BAACD8FAB557685C5A85A8A7349177E813179735BB4EBA05463ECC6E503287B6348A819CE02FD7AEFF36AE51ABEC2FF2DDBFE58BE0828E45AED1A25074E578EF5BBDF16C4CB96862E9FE78BD457876437676B6A9576411B1A883B1487EDE052669A0EC81C9422828B7984A2F5AEE34BF361DA14D5491A9C5E4224C1E63F89C4E4798E35A6491CA8A9CEEEE6E261DC9C9C9A15E5D9E26303030D8C8B56BD76E1A898C8CBC6B242E2EEE9E91E4E4E43423E9E9E9BF4E53344D454545A591BABABA46237C3EBFC3484F4FCF8091C1C1419991E1E161DD34AF6011C022B08865586A91C622B7B51F7D9B5D63B4085FD31C7968ED97A9CDA5D367D755030FCE7CECE2B262EDB62F7FB99559D6D8F2F8C2FA8D17B3EB5ABB5B5A5A8BD2126F5DE19D397C32A49A321661E983D0AFB7AC58B5F3C8AE9DFB0F1C3A7CF0D0E1039FAD7521D67D7EF1FAD3177C8552AB69ABA8282C2C9B8E178F7C3F5DB933E0615E99D9CAD2A21AC9E217133B702EC258C4746916731A83DF16CB9C18E75B726AC47052C458853FBB22D3A6E9622DB24879F9AF34A78B4422A552393A3A4A3D314DE534AD33F33B4DF4CC8C4F533FE30092016305D203E3091286491E269D905A18C7906C18EB907E180F9190183391A2185791B44C02B3877F11F0EE008B58868516492A4FFE72D596C0A28687DFEE3F9F907BF7C8EA6DBE151AA9D9355A6AC960CF90A224E0F4E79F1FFDFCE0F6152E2E9BF71F312C1FD8BA62D5B77912636BAAFEE4336B566C3C71E95652426266794B5DD4E71F6D74CF6B1188BA5B0A82CF9F3D7378F30A9755A7EE573FF4BF78FEC20FD3F1FD99BD1FB9B87EF18D69CDF9EFBF3B7FE1C7EBB592251CDA72ACF322D41F9AC4FB7A9B6F87FDB3F18CC53F1497FCC24CFDA6EBAC2CBA4CCBFC022DF3CBB4A85993420AF2D3EAEBEBE7580480770D58C432967ED7A17A58291A12659CFD88B28515076F57F75407EDFE70A35B8950BBC8FD22BAB1D6F863EB0EC5B71AEF46540B1E1E5E376D11DD2B8D6A44A97DA519AAF2DEF2D1E1BBDD8395C1DB571D8EE66BDBE2BED87022A54D35393C382854CC39B435DE957864C385728985C7B29662111376728D166311954AD5D15E63124949A95B6757A2E16E0F81E1B68F2E41CA62F7852C761F49774FAAA12E7D1A6F3A31DDC44E0AC9CD7D585555452A351DD18245C0BB092C621996DCBB3E29797963D78AED971FDFFD72A5E1C8D38A03372B2486895E5631DF22A39D195E3BD61C0A6FD04D4968B645A663A2EFD9F9B5EB7ECCEE17677A9CFEE156F437DB4F25B42F76773A1B16B113C8227ABD5EABD5CAE5727E6B85492465E597057D29BD7D293D7D861BD417B44556FAF6F937AE3361B8777DFAF675D303B54821CF9FA79695955122D2D6D6669F67D701600D58C432966C91494963CAB7AE2E1B78C5428DBEAFA6BAAA5564CC15F4433D4DA9BCAD1F7F913E75DF8676A4AF2E37E2A73DAB56EEF7CB95A874AF5452715B73EB8B14DE964D5E65F2E906D592E2FBB191513191B7AE9C3DF6AD476874645474D0D90D1FEDF5BA713B3AE2F69DF0F0B8A71D334FF7D2C8442D2F4BEE7EBB71BB7FD362B78F389345262727C7C7C7997484328396E6329348AAAA7D1819084599E60FD18A9AFD282DF38768454D3F4A6B4094D9D79F46617AB8AF4921B5B5B57C3EBFB7B7D73EAFF40580356011CB58AA45548339D72E1CBD90582F9D7D94493D907874EDFAFD17636A351A46369561BB567EB2E7427866FB08738388E485D7F6B51B3EFDFC6278A164E669256A79795A4A62E22291703F2EFE414ED74C52227F7975DFE6CF8EFC70A74868F1D5590E6A114A47681ED7E9744AA59266F6E6A65293485E5607CC79A02F13D94F778BA57952499E50926B7AA0AF49215498A945D5E72BA4B5B5552010D8ED5D8700B0062C6219CBF234C639598B6AEE0D1F76118E659157D322D1EBF534A72B148AB922A90A645E19221667999E0C3FFFB522A627C35331A63C557C8D42ECF6092800B0062C62197832BC3DF37A91D4D65E655E6228579699BFDFD0B0AC2C9F7AFB21F3024455A954964F4155A010005E0F2C6219784B959DF37A91D4D585185E71A82852185FB16EFEC675D33BD89957AF53192A0C8500F0466011CB586B7C636E6A15DE986BBF2C5D24266D982FCBA010002C0116B18CA0EC069A5E4FC415733ED1DB34BE8C29A26186E43472BDBFADE48D2231641BC3C5EAD9B98841218A22DA048500B0746011CBE896A8DF3B16FEC1B91889C2CA7708DA7FD0D0688034CC1EA99AEBFD6D3D4BC9484818E6B90893A340210058042C62311B4233E9EF74F7B4979C4FF7368A5F1E55D100375FCBE27A4FBF2D1689040A01C03A60118BA9ED95FDE678F8FBA7238BF862CE67FC658FC256310DEDB7C723EAFA645CEFE965608922C1812C00AC0616B186338925F4D7FA1F2EC4F1856ACEE7FD650C1A0E0D8A86F675D20BAEF7F1B2B194732450080056038B58C3C8D8C48701E934DBFEFDF938A7C948280BA1E1D0A0686863E34E751BF61B450285006035B088950C2947561845F2BB53916E8FAB1DFA64FBD0F018EF51F57F3C799B51884435C2F5DE5D7E5E2F12F327F542210058042C623DA3FA89530925BF3D1E4193EF07E762BE8C297A582DA8E9913B8451A893D455EA30759B3A4F43A0817C9DF4C2C9B21073161309C9838982FCB4AAAAAAFAFA7A3E9F0F8500B0446091B7A5AE4FB62134F3BD63E1CC83A71C31A8F39BAF652DFBE9F49181EA8A76F9224F4BD74B9B2AAABB5453CA9AD40D3437742A6D2EB0F92269692EABAD29A8ACC8292FFF95FCD1D8D8D8D6D6C63CA9170A016029C022CB438F541D92D3F8C9D58C3FFD72EFFDD3919C8BE18D419DA4AE5287A9DB36B92F646CE079288FE77DAF59BDE0FCAB6B8AF2F04BEF1D9B2ADCF72430E061BB72EA65B32363B6F389B94898A7FFF6F7F777777733EFB2A505FA6A7A522F1402C01B8145800D98D4753F0BF1BE99F52235F84A4A936A814958D73C6391C991BE9C10774FFF2B818181015E3C1EEF7AB1C4966989B948542A955C2E276D888CD0027DA5955008004B041601CBCEE8E08BE8CB3EF135C313AF46FB72AEFBDCCAE9D1CD4CC513C34DF999CF9EC4F9F1DCC2EE3FCDCC6B94295B937D78A18543E3AF2614D5773C7D935B35B69EB94DEF23191D1DD56AB5A40DA5115AA0AFCC2BA7A0100096022C0296954975674E8497576461FFD4855E13CAA6D440CFABA92F45536F259F50755416173C09BFC4F3B8F524BFA8B020232A20EC7ECAB580D8CA9EEAF8CB3E09F54A56A66E934828E7183583BE4221002C1D58042C1BE38AF6DC681F9E5BC09DAC8ABAFAFAFABA295E163FB8CAE3F1FCEF663788478C33F3E470C54D1ECFFDDAC3D28E8E8AE72FBA34137AE1F3102A13FCB4538BB91B0047021601CB466184B7DF9DEC56213FFB7EE21CEE6554546444FAF0DCC38BC5FA5713F2F25B3C06EFC47AE5845EDE9A73C7C7C32FE8B267D8E3DAA131AE070200583AB008583E2627288F18D7484583F311C94626F42AB976E2D52BFD40F655373288EFFDE2BCA70F93E36EF8F02E5D7B582D1A1D57343FBDEEC1F38BCEACE9D7703D1800C09280451C83A2A222AEBBB044C687F24378EEFE5743CC09F6E5F1226A996B7E27E495772E873E791EEEE197C6E767DDBE19977C373830246C8A601F1ECFE75666BB033F941E80770A58C431A0BFDCB9EEC212218B84FA26758CCE5AA9AE8BF09AB2C8D840F1FDA4FCBEE199FB45C6870AC2FC121B0C77F9291492E69480ABD9838BDCAB0800B03B6011C7C0792C3285D9FD22068B043CE8666A8CF5A60786C02200380EB08863E0501609E1795C090D3327C48FE736DB22DAA62877BFB4698B84F2DC7C0CF71C06065EF175E705C12200380EB08863E0481629BA191057D56B7E665DD85574CBF74EBDF9A90E6D73FC95B0CC7E832D2624C5B78253DBD5C6BB35D45DE921D77345E35C751F006021B08863E038160100BC5BC0228E012C0200B04F6011C700160100D827B08863008B0000EC1358C43180450000F6092CE218C0220000FB0416710C601100807D028B3806B00800C03E81451C03580400609FC0228E012C0200B04F6011C700160100D827B08863008B0000EC1358C43180450000F6092C62D7F01682EB4E0100C00CB0885D939C9CECEEEE6EF2072DD31AAE3B05000033C022768D5028F4F4F434598496690DD79D0200801960117BE7C68D1B268BD032D7DD01008059C022F64E434383B7B73729843E6999EBEE0000C02C60117B676262C2D7D7972C429FB4CC757700006016B08803909F9F4F16A14FAE3B0200007381451C008D464316A14FAE3B020000738145000000580F2C020000C07A6011000000D6038B000000B01E58C401985C04AEFB050000B0885DC24862C2C8F8F8B85EAF1F9B07ADA44D4C19480500C015B0887D61F2074942A350769457D5FF9A9B171E9D7B338A09FACA2F29934BA41A8D46A7D38D8C8C3046814B00009C008BD80B267F903C8AEF2644EC3AFCED7FFED3577FF37F2D18B4E9E6B6BD6417517FBF4AA522A3904EE0120000FBC0227601E30F3201651B17FFF5DFCD6DE1F37FD6047DB235F6F0490A5AA0AFE676A1C2CF82AF4BC443F35DC2F5980000EF04B008F7300AE96F6CF1FCCB2AC60DDFFDE1BF441DF8A2F66E9CAEAD6D5C209813B4B23A3A9E0A9874E2F1EF2B1A0B8AA55229B944A7D38D8D8D41240000768045388651484DDA3346095FFFEDFF9D78E21BF9CB9AF9F2981F548C1214AAC2642D79714962B158A150505202910000D80116E11293421813502ED29F5FB8147F98476F6E3EE5228C8172A2E38442A15C2E87480000EC008B7006A390FA5F731985DCDCB677C1E3574B09AA18BA71272312CA48201200006BC022DC603A1772E11FFF4CB37FD0275BC7BABBAD530813543D60F566E69C4A755E01440200600758841B685AD7E974CC9128DE7FFBDFEAC6C605DD202E2DCFF50EA0342564F56626620F9F2C0BBDB160616A84F7E7BF300DB6B6B4884422854241BFA2D7EB611100808D80453880494432034268C63FFB9FFE69C17321A40412C662F78B50064376995F8B9AA206A9C0DD9FDCBBBABAC462B14AA51A1919413A0200B011B0080730B71632C7B21E7FFBE37C1908B27399ADAF0FCA51E62731A967BE638E6BD55557534B52A9E12E77E62612AEC70D0070426011B6611291BCF06866AE57D6D68F76749847D7D3674B510813BE7F5935A73A35C85C347CDFCBAFBDBD5D28142A140AA42300001B018BB00D4DE59419047DB29526FAD8C32729999813BED3F71E2E31289B99D5424363D4812F0CD70DFF7F9F34343498A723B0080060D98145D886399CC55CDD5B1B1B2FAFAC945756183F2BE5151599173D2C52081394BE50DDA9762A2A6BEFC63157FD569696513A221289542A1573B116D7A30700381BB008DBD054CE2F2963EE3617E7E7CF09F387682D3D28A799D30E738E3D2D3AB6B5A5A5BFBFDF74508BEBD103009C0D58846DC6C7C74B9252688AF7F93F6BFA9E651822E3191365A137AC5008F34CC6DE274F0C8D4C37C83C922BD13FC8FCA016FD34D7A30700381BB008AB302745726F46315758753E78601E8FBFFDD13A8B50CC698A39EF72F727F7DADADAAEAE2E9C1A0100D80858845568121F1B1BCBB97E9BA6F8885D87F9F1F1E611BBFB90D51629BEEC6FDE14298AB1487575757B7BBB582C66EE6387450000CB0B2CC22A732CD21C1D6D1E6F6911F3A6E658C474821D1601002C2FB008AB985B2474E3CE39B90873C3A07531A729D3112D5804006053601156612C623ABB3EE764C6DB9C5D9FD314F384AEFB5E7EB00800C0A6C022ACC258A4B1A0F82BE395BE860BAB98ABAAA6C3CA2B7D771F9ABAD0CB788116356BBAD217160100D814588455188BC82552E6AE434A3EE6DCE761DD5D87947C9837C2E434F413B9393938BB0E00B029B008AB3057FAD284CEBC0B24EAC017F20AC3DDE6C3669F978D07A3961EA967BE33DEB55E317D1B7C45C4AEC35F19DF9C585C5C8C2B7D0100360516619BF1F1719AD09F055FFFCAF834C6A117A5739EA3D5FE306DE94F630C5EB941DD30AB3A35C83C8DF1F6773F914570D72100C0A6C0226C33313131323222EAEF2785D05C9F78E29B390FE5651EEBCBBC6FEAF56148655ED6CCA9CBBC95841ACF7EF6ACBCBCBCB9B9194F400100D80E58846D188B6814CAFB5E7E5F19DF5225C8CE5DF02D55AFB9F0971CB3E01B0FA929E6BCFA8D93DF5022627E6A1D160100D80258846D4CA746C48383336FCC6D58F88DB9E4925CEF004A2F4C6FCC25B55447C72F5CB861EA8DB917FFF5DF7373722811C193E10100B60616611BE62D55941928148AC61765CC71AD80D59BC7BABB1774C31283AAFBACDAC01CCB4A8B8E65CEABE32D5500005B038B70004DE8636363941F5096509294C25CF51BF4C9D6F9AFBF5D625045E6A22F6A2AD13F8814C29C1131252278B90800C046C0221C604A47542A95582CCE8B4B6244C2FBF35FFAF30B2D55085561EE556414525050C01CCBEAEAEAA2C64D6744908800006C012CC20DCCD9119D4EA75028442211898439B475F63FFD53D4812F163B4D322794B5F55498399D4ED5CD15C29C54A7C6E92770460400603B60116E60D211E6B8965C2E170A85D57905BCFFF6BF994BB0BEFDCF7F8AD875B83A3A7EB4A363BE3C68256DA202CC7D214C1293161D6BAE106A909A351DCB82450000360216E18CF922696D69B9EFE5677ECB2179C2E3DF5704ACDE4C3907052DD057933C9814E4F6773FE5E6E430D7F542210000968145B8648E484422517777775D7575A27F1009833954B560D0269F551BEEFEE49EFDEC19732EBDB6B6B6B9B999AA5323500800803560118E31178942A1108BC5028180F209CA2A2A5E9466C7253D08B94EB630057D4D8B8E65920F2AC0F8834941A82255A746A01000006BC022DC6312894EA753A95452A994F209C625AD2D2D64885A23D566306B68131560FC4155A82255A746A01000006BC02276012312BD5E6F78388A466372497F7F3F19A2BBBBBBABABABDD0CFA4A2B69131560FCC1A420549D1A81420000AC018BD80B9346E6B884DC2093C9481262232223CC32ADA44D54808ACDF107140200600D58C4BE3077C9D8D818A313069519A69554808AC11F0000AE8045EC11934B88F1F171C62873A095B48929037F0000B802167100261781EB7E0100002C020000E02D8045000000580F2C020000C07AFE7FE83361B6332E9C690000000049454E44AE426082,1,'workflow.png');
UNLOCK TABLES;
/*!40000 ALTER TABLE `JBPM4_LOB` ENABLE KEYS */;


--
-- Definition of table `yunmei`.`JBPM4_PARTICIPATION`
--

DROP TABLE IF EXISTS `yunmei`.`JBPM4_PARTICIPATION`;
CREATE TABLE  `yunmei`.`JBPM4_PARTICIPATION` (
  `DBID_` bigint(20) NOT NULL,
  `DBVERSION_` int(11) NOT NULL,
  `GROUPID_` varchar(255) DEFAULT NULL,
  `USERID_` varchar(255) DEFAULT NULL,
  `TYPE_` varchar(255) DEFAULT NULL,
  `TASK_` bigint(20) DEFAULT NULL,
  `SWIMLANE_` bigint(20) DEFAULT NULL,
  PRIMARY KEY (`DBID_`),
  KEY `FK_PART_SWIMLANE` (`SWIMLANE_`),
  KEY `FK_PART_TASK` (`TASK_`),
  CONSTRAINT `FK_PART_TASK` FOREIGN KEY (`TASK_`) REFERENCES `JBPM4_TASK` (`DBID_`),
  CONSTRAINT `FK_PART_SWIMLANE` FOREIGN KEY (`SWIMLANE_`) REFERENCES `JBPM4_SWIMLANE` (`DBID_`)
) ENGINE=InnoDB DEFAULT CHARSET=utf8;

--
-- Dumping data for table `yunmei`.`JBPM4_PARTICIPATION`
--

/*!40000 ALTER TABLE `JBPM4_PARTICIPATION` DISABLE KEYS */;
LOCK TABLES `JBPM4_PARTICIPATION` WRITE;
INSERT INTO `yunmei`.`JBPM4_PARTICIPATION` VALUES  (10017,0,NULL,'6','candidate',10016,NULL),
 (10018,0,NULL,'7','candidate',10016,NULL);
UNLOCK TABLES;
/*!40000 ALTER TABLE `JBPM4_PARTICIPATION` ENABLE KEYS */;


--
-- Definition of table `yunmei`.`JBPM4_PROPERTY`
--

DROP TABLE IF EXISTS `yunmei`.`JBPM4_PROPERTY`;
CREATE TABLE  `yunmei`.`JBPM4_PROPERTY` (
  `KEY_` varchar(255) NOT NULL,
  `VERSION_` int(11) NOT NULL,
  `VALUE_` varchar(255) DEFAULT NULL,
  PRIMARY KEY (`KEY_`)
) ENGINE=InnoDB DEFAULT CHARSET=utf8;

--
-- Dumping data for table `yunmei`.`JBPM4_PROPERTY`
--

/*!40000 ALTER TABLE `JBPM4_PROPERTY` DISABLE KEYS */;
LOCK TABLES `JBPM4_PROPERTY` WRITE;
INSERT INTO `yunmei`.`JBPM4_PROPERTY` VALUES  ('next.dbid',2,'20001');
UNLOCK TABLES;
/*!40000 ALTER TABLE `JBPM4_PROPERTY` ENABLE KEYS */;


--
-- Definition of table `yunmei`.`JBPM4_SWIMLANE`
--

DROP TABLE IF EXISTS `yunmei`.`JBPM4_SWIMLANE`;
CREATE TABLE  `yunmei`.`JBPM4_SWIMLANE` (
  `DBID_` bigint(20) NOT NULL,
  `DBVERSION_` int(11) NOT NULL,
  `NAME_` varchar(255) DEFAULT NULL,
  `ASSIGNEE_` varchar(255) DEFAULT NULL,
  `EXECUTION_` bigint(20) DEFAULT NULL,
  PRIMARY KEY (`DBID_`),
  KEY `FK_SWIMLANE_EXEC` (`EXECUTION_`),
  CONSTRAINT `FK_SWIMLANE_EXEC` FOREIGN KEY (`EXECUTION_`) REFERENCES `JBPM4_EXECUTION` (`DBID_`)
) ENGINE=InnoDB DEFAULT CHARSET=utf8;

--
-- Dumping data for table `yunmei`.`JBPM4_SWIMLANE`
--

/*!40000 ALTER TABLE `JBPM4_SWIMLANE` DISABLE KEYS */;
LOCK TABLES `JBPM4_SWIMLANE` WRITE;
UNLOCK TABLES;
/*!40000 ALTER TABLE `JBPM4_SWIMLANE` ENABLE KEYS */;


--
-- Definition of table `yunmei`.`JBPM4_TASK`
--

DROP TABLE IF EXISTS `yunmei`.`JBPM4_TASK`;
CREATE TABLE  `yunmei`.`JBPM4_TASK` (
  `DBID_` bigint(20) NOT NULL,
  `CLASS_` char(1) NOT NULL,
  `DBVERSION_` int(11) NOT NULL,
  `NAME_` varchar(255) DEFAULT NULL,
  `DESCR_` longtext,
  `STATE_` varchar(255) DEFAULT NULL,
  `SUSPHISTSTATE_` varchar(255) DEFAULT NULL,
  `ASSIGNEE_` varchar(255) DEFAULT NULL,
  `FORM_` varchar(255) DEFAULT NULL,
  `PRIORITY_` int(11) DEFAULT NULL,
  `CREATE_` datetime DEFAULT NULL,
  `DUEDATE_` datetime DEFAULT NULL,
  `PROGRESS_` int(11) DEFAULT NULL,
  `SIGNALLING_` bit(1) DEFAULT NULL,
  `EXECUTION_ID_` varchar(255) DEFAULT NULL,
  `ACTIVITY_NAME_` varchar(255) DEFAULT NULL,
  `HASVARS_` bit(1) DEFAULT NULL,
  `SUPERTASK_` bigint(20) DEFAULT NULL,
  `EXECUTION_` bigint(20) DEFAULT NULL,
  `PROCINST_` bigint(20) DEFAULT NULL,
  `SWIMLANE_` bigint(20) DEFAULT NULL,
  `TASKDEFNAME_` varchar(255) DEFAULT NULL,
  PRIMARY KEY (`DBID_`),
  KEY `FK_TASK_SWIML` (`SWIMLANE_`),
  KEY `FK_TASK_SUPERTASK` (`SUPERTASK_`),
  CONSTRAINT `FK_TASK_SUPERTASK` FOREIGN KEY (`SUPERTASK_`) REFERENCES `JBPM4_TASK` (`DBID_`),
  CONSTRAINT `FK_TASK_SWIML` FOREIGN KEY (`SWIMLANE_`) REFERENCES `JBPM4_SWIMLANE` (`DBID_`)
) ENGINE=InnoDB DEFAULT CHARSET=utf8;

--
-- Dumping data for table `yunmei`.`JBPM4_TASK`
--

/*!40000 ALTER TABLE `JBPM4_TASK` DISABLE KEYS */;
LOCK TABLES `JBPM4_TASK` WRITE;
INSERT INTO `yunmei`.`JBPM4_TASK` VALUES  (10016,'T',1,'财务签字',NULL,'open',NULL,NULL,NULL,0,'2010-02-05 12:48:54',NULL,NULL,0x01,'workflow.1','财务签字',0x00,NULL,10001,10001,NULL,'财务签字');
UNLOCK TABLES;
/*!40000 ALTER TABLE `JBPM4_TASK` ENABLE KEYS */;


--
-- Definition of table `yunmei`.`JBPM4_VARIABLE`
--

DROP TABLE IF EXISTS `yunmei`.`JBPM4_VARIABLE`;
CREATE TABLE  `yunmei`.`JBPM4_VARIABLE` (
  `DBID_` bigint(20) NOT NULL,
  `CLASS_` varchar(255) NOT NULL,
  `DBVERSION_` int(11) NOT NULL,
  `KEY_` varchar(255) DEFAULT NULL,
  `CONVERTER_` varchar(255) DEFAULT NULL,
  `HIST_` bit(1) DEFAULT NULL,
  `EXECUTION_` bigint(20) DEFAULT NULL,
  `TASK_` bigint(20) DEFAULT NULL,
  `LOB_` bigint(20) DEFAULT NULL,
  `DATE_VALUE_` datetime DEFAULT NULL,
  `DOUBLE_VALUE_` double DEFAULT NULL,
  `CLASSNAME_` varchar(255) DEFAULT NULL,
  `LONG_VALUE_` bigint(20) DEFAULT NULL,
  `STRING_VALUE_` varchar(255) DEFAULT NULL,
  `TEXT_VALUE_` longtext,
  `EXESYS_` bigint(20) DEFAULT NULL,
  PRIMARY KEY (`DBID_`),
  KEY `FK_VAR_EXESYS` (`EXESYS_`),
  KEY `FK_VAR_LOB` (`LOB_`),
  KEY `FK_VAR_TASK` (`TASK_`),
  KEY `FK_VAR_EXECUTION` (`EXECUTION_`),
  CONSTRAINT `FK_VAR_EXECUTION` FOREIGN KEY (`EXECUTION_`) REFERENCES `JBPM4_EXECUTION` (`DBID_`),
  CONSTRAINT `FK_VAR_EXESYS` FOREIGN KEY (`EXESYS_`) REFERENCES `JBPM4_EXECUTION` (`DBID_`),
  CONSTRAINT `FK_VAR_LOB` FOREIGN KEY (`LOB_`) REFERENCES `JBPM4_LOB` (`DBID_`),
  CONSTRAINT `FK_VAR_TASK` FOREIGN KEY (`TASK_`) REFERENCES `JBPM4_TASK` (`DBID_`)
) ENGINE=InnoDB DEFAULT CHARSET=utf8;

--
-- Dumping data for table `yunmei`.`JBPM4_VARIABLE`
--

/*!40000 ALTER TABLE `JBPM4_VARIABLE` DISABLE KEYS */;
LOCK TABLES `JBPM4_VARIABLE` WRITE;
INSERT INTO `yunmei`.`JBPM4_VARIABLE` VALUES  (10006,'string',0,'!填报销单',NULL,0x00,10001,NULL,NULL,NULL,NULL,NULL,NULL,'4',NULL,NULL),
 (10007,'long',0,'monkey',NULL,0x00,10001,NULL,NULL,NULL,NULL,NULL,1001,NULL,NULL,NULL),
 (10013,'string',0,'!经理审批',NULL,0x00,10001,NULL,NULL,NULL,NULL,NULL,NULL,'2',NULL,NULL),
 (10014,'string',0,'pass',NULL,0x00,10001,NULL,NULL,NULL,NULL,NULL,NULL,'合格',NULL,NULL);
UNLOCK TABLES;
/*!40000 ALTER TABLE `JBPM4_VARIABLE` ENABLE KEYS */;


--
-- Definition of table `yunmei`.`demo_order`
--

DROP TABLE IF EXISTS `yunmei`.`demo_order`;
CREATE TABLE  `yunmei`.`demo_order` (
  `id_` bigint(20) NOT NULL AUTO_INCREMENT,
  `code_` varchar(255) DEFAULT NULL,
  `monkey_` bigint(20) DEFAULT NULL,
  `desc_` varchar(255) DEFAULT NULL,
  `remark_` varchar(255) DEFAULT NULL,
  `name_` varchar(255) DEFAULT NULL,
  `state_` varchar(255) DEFAULT NULL,
  `date_` datetime DEFAULT NULL,
  `user_` varchar(255) DEFAULT NULL,
  PRIMARY KEY (`id_`)
) ENGINE=InnoDB AUTO_INCREMENT=2 DEFAULT CHARSET=utf8;

--
-- Dumping data for table `yunmei`.`demo_order`
--

/*!40000 ALTER TABLE `demo_order` DISABLE KEYS */;
LOCK TABLES `demo_order` WRITE;
INSERT INTO `yunmei`.`demo_order` VALUES  (1,'001',1001,NULL,NULL,'001订单','财务签字','2010-02-16 00:00:00','路人甲');
UNLOCK TABLES;
/*!40000 ALTER TABLE `demo_order` ENABLE KEYS */;


--
-- Definition of table `yunmei`.`sys_authority`
--

DROP TABLE IF EXISTS `yunmei`.`sys_authority`;
CREATE TABLE  `yunmei`.`sys_authority` (
  `id_` bigint(20) NOT NULL AUTO_INCREMENT,
  `text_` varchar(255) DEFAULT NULL,
  `parent_` bigint(20) DEFAULT NULL,
  `left_` int(11) DEFAULT NULL,
  `right_` int(11) DEFAULT NULL,
  `type_` char(1) DEFAULT NULL,
  `url_` varchar(255) DEFAULT NULL,
  `remark_` varchar(255) DEFAULT NULL,
  PRIMARY KEY (`id_`),
  KEY `FKA9C4645172CF8170` (`parent_`),
  CONSTRAINT `FKA9C4645172CF8170` FOREIGN KEY (`parent_`) REFERENCES `sys_authority` (`id_`)
) ENGINE=InnoDB AUTO_INCREMENT=46 DEFAULT CHARSET=utf8;

--
-- Dumping data for table `yunmei`.`sys_authority`
--

/*!40000 ALTER TABLE `sys_authority` DISABLE KEYS */;
LOCK TABLES `sys_authority` WRITE;
INSERT INTO `yunmei`.`sys_authority` VALUES  (-1,'权限根',NULL,1,92,'S',NULL,NULL),
 (1,'组织机构',45,19,32,'R','sysOrganService','这是根'),
 (2,'组织结构',1,20,21,'M','sysOrganService.enterOrgan',NULL),
 (3,'删除节点',1,22,23,'O','sysOrganService.deleteNode',NULL),
 (4,'增加节点',1,24,25,'O','sysOrganService.insertUser',NULL),
 (5,'岗位角色更新',1,26,27,'O','sysOrganService.savePostRole',NULL),
 (6,'更新节点',1,28,29,'O','sysOrganService.updateUser',NULL),
 (7,'密码修改',1,30,31,'O','sysOrganService.alterPassword',NULL),
 (8,'权限管理',45,67,90,'R','sysAuthService','这是根'),
 (9,'加载新构件',8,68,69,'O','sysAuthService.reload',NULL),
 (10,'角色权限配置',8,70,71,'M','sysAuthService.enterAuth',NULL),
 (11,'数据过滤配置',8,72,73,'M','sysAuthService.enterDataAuth',NULL),
 (12,'角色权限管理',8,74,75,'O','sysAuthService.insertAuthToRole',NULL),
 (13,'菜单维护管理',8,76,77,'M','sysAuthService.enterMenu',NULL),
 (14,'用户角色管理',8,78,79,'M','sysAuthService.enterUserRole',NULL),
 (15,'菜单更新',8,80,81,'O','sysAuthService.saveMenu',NULL);
INSERT INTO `yunmei`.`sys_authority` VALUES  (16,'角色更新',8,82,83,'O','sysAuthService.saveRoles',NULL),
 (17,'用户角色更新',8,84,85,'O','sysAuthService.insertRole2User',NULL),
 (18,'过滤条件更新',8,86,87,'O','sysAuthService.deleteDataFromRole',NULL),
 (19,'个人资料',8,88,89,'M','sysAuthService.enterInfo',NULL),
 (20,'日志维护',45,63,66,'R','sysLogService','这是根'),
 (21,'日志菜单',20,64,65,'M','sysLogService.enterLogs',NULL),
 (22,'字典维护',45,53,62,'R','sysDictService','这是根'),
 (23,'字典菜单',22,54,55,'M','sysDictService.enterDict',NULL),
 (24,'字典明细更新',22,56,57,'O','sysDictService.saveDictInfo',NULL),
 (25,'字典删除',22,58,59,'O','sysDictService.deleteDict',NULL),
 (26,'字典更新',22,60,61,'O','sysDictService.saveDict',NULL),
 (27,'任务管理',45,49,52,'R','sysTimerService','这是根'),
 (28,'定时任务',27,50,51,'M','sysTimerService.enterTimer',NULL),
 (29,'临时人员管理',45,41,48,'R','sysTempUserService','这是根'),
 (30,'临时人员更新',29,42,43,'O','sysTempUserService.insert',NULL);
INSERT INTO `yunmei`.`sys_authority` VALUES  (31,'临时人员',29,44,45,'M','sysTempUserService.enter',NULL),
 (32,'临时人员转正',29,46,47,'O','sysTempUserService.turnNormal',NULL),
 (33,'流程管理',45,33,40,'R','sysWorkflowService','这是根'),
 (34,'流程管理',33,34,35,'M','sysWorkflowService.manager',NULL),
 (35,'结案任务',33,36,37,'M','sysWorkflowService.doneList',NULL),
 (36,'待办任务',33,38,39,'M','sysWorkflowService.todoList',NULL),
 (37,'订单管理',-1,2,17,'R','demoOrderService','这是根'),
 (38,'订单查询',37,3,4,'D','demoOrderService.find',NULL),
 (39,'订单更新',37,5,6,'O','demoOrderService.save',NULL),
 (40,'订单删除',37,7,8,'O','demoOrderService.delete',NULL),
 (41,'订单审批',37,9,10,'O','demoOrderService.audit',NULL),
 (42,'订单菜单',37,11,12,'M','demoOrderService.selectOrder',NULL),
 (43,'订单提交',37,13,14,'O','demoOrderService.submit',NULL),
 (44,'财务签字',37,15,16,'O','demoOrderService.signed',NULL),
 (45,'系统管理',-1,18,91,'R',NULL,NULL);
UNLOCK TABLES;
/*!40000 ALTER TABLE `sys_authority` ENABLE KEYS */;


--
-- Definition of table `yunmei`.`sys_data_filter`
--

DROP TABLE IF EXISTS `yunmei`.`sys_data_filter`;
CREATE TABLE  `yunmei`.`sys_data_filter` (
  `id_` bigint(20) NOT NULL AUTO_INCREMENT,
  `filter_sql_` varchar(255) DEFAULT NULL,
  `remark_` varchar(255) DEFAULT NULL,
  `auth_id_` bigint(20) DEFAULT NULL,
  `auth_name_` varchar(255) DEFAULT NULL,
  `role_id_` bigint(20) DEFAULT NULL,
  `order_` int(11) DEFAULT NULL,
  PRIMARY KEY (`id_`)
) ENGINE=InnoDB AUTO_INCREMENT=4 DEFAULT CHARSET=utf8;

--
-- Dumping data for table `yunmei`.`sys_data_filter`
--

/*!40000 ALTER TABLE `sys_data_filter` DISABLE KEYS */;
LOCK TABLES `sys_data_filter` WRITE;
INSERT INTO `yunmei`.`sys_data_filter` VALUES  (1,'(state_=\'新建\' or state_=\'驳回\')','',38,'订单查询',2,12),
 (2,'state_=\'审批中\'','',38,'订单查询',3,12),
 (3,'state_=\'财务签字\'','',38,'订单查询',4,12);
UNLOCK TABLES;
/*!40000 ALTER TABLE `sys_data_filter` ENABLE KEYS */;


--
-- Definition of table `yunmei`.`sys_dict`
--

DROP TABLE IF EXISTS `yunmei`.`sys_dict`;
CREATE TABLE  `yunmei`.`sys_dict` (
  `id_` varchar(255) NOT NULL,
  `name_` varchar(255) DEFAULT NULL,
  `order_` bigint(20) DEFAULT NULL,
  `desc_` varchar(255) DEFAULT NULL,
  PRIMARY KEY (`id_`)
) ENGINE=InnoDB DEFAULT CHARSET=utf8;

--
-- Dumping data for table `yunmei`.`sys_dict`
--

/*!40000 ALTER TABLE `sys_dict` DISABLE KEYS */;
LOCK TABLES `sys_dict` WRITE;
INSERT INTO `yunmei`.`sys_dict` VALUES  ('organ_type','机构类型',NULL,'不知何用'),
 ('sex','性别',NULL,'不知何用'),
 ('success','成功',NULL,'方法的成功与失败'),
 ('task_execute_type','任务执行方式',NULL,'不知何用'),
 ('task_fixed_month','任务月修正值',NULL,'不知何用'),
 ('task_fixed_week','任务周修正值',NULL,'不知何用'),
 ('task_state','任务状态',NULL,'不知何用'),
 ('task_type','任务类型',NULL,'不知何用');
UNLOCK TABLES;
/*!40000 ALTER TABLE `sys_dict` ENABLE KEYS */;


--
-- Definition of table `yunmei`.`sys_dict_info`
--

DROP TABLE IF EXISTS `yunmei`.`sys_dict_info`;
CREATE TABLE  `yunmei`.`sys_dict_info` (
  `id_` bigint(20) NOT NULL AUTO_INCREMENT,
  `dict_id_` varchar(255) DEFAULT NULL,
  `name_` varchar(255) DEFAULT NULL,
  `value_` varchar(255) DEFAULT NULL,
  `order_` bigint(20) DEFAULT NULL,
  PRIMARY KEY (`id_`),
  KEY `FK184E50A5A29B4219` (`dict_id_`),
  CONSTRAINT `FK184E50A5A29B4219` FOREIGN KEY (`dict_id_`) REFERENCES `sys_dict` (`id_`)
) ENGINE=InnoDB AUTO_INCREMENT=66 DEFAULT CHARSET=utf8;

--
-- Dumping data for table `yunmei`.`sys_dict_info`
--

/*!40000 ALTER TABLE `sys_dict_info` DISABLE KEYS */;
LOCK TABLES `sys_dict_info` WRITE;
INSERT INTO `yunmei`.`sys_dict_info` VALUES  (1,'success','成功','S',NULL),
 (2,'success','失败','F',NULL),
 (3,'sex','男','M',NULL),
 (4,'sex','女','F',NULL),
 (5,'sex','保密','Q',NULL),
 (6,'organ_type','办局领导','B',NULL),
 (7,'organ_type','中心站院','Z',NULL),
 (8,'organ_type','区县机构','Q',NULL),
 (9,'task_state','不启动','0',NULL),
 (10,'task_state','启动','1',NULL),
 (11,'task_type','一次性任务','0',NULL),
 (12,'task_type','每天','1',NULL),
 (13,'task_type','每周','2',NULL),
 (14,'task_type','每月','3',NULL),
 (15,'task_fixed_month','第-15天','-15',NULL),
 (16,'task_fixed_month','第-14天','-14',NULL),
 (17,'task_fixed_month','第-13天','-13',NULL),
 (18,'task_fixed_month','第-12天','-12',NULL),
 (19,'task_fixed_month','第-11天','-11',NULL),
 (20,'task_fixed_month','第-10天','-10',NULL),
 (21,'task_fixed_month','第-9天','-9',NULL),
 (22,'task_fixed_month','第-8天','-8',NULL),
 (23,'task_fixed_month','第-7天','-7',NULL),
 (24,'task_fixed_month','第-6天','-6',NULL),
 (25,'task_fixed_month','第-5天','-5',NULL);
INSERT INTO `yunmei`.`sys_dict_info` VALUES  (26,'task_fixed_month','第-4天','-4',NULL),
 (27,'task_fixed_month','第-3天','-3',NULL),
 (28,'task_fixed_month','第-2天','-2',NULL),
 (29,'task_fixed_month','第-1天','-1',NULL),
 (30,'task_fixed_month','第1天','1',NULL),
 (31,'task_fixed_month','第2天','2',NULL),
 (32,'task_fixed_month','第3天','3',NULL),
 (33,'task_fixed_month','第4天','4',NULL),
 (34,'task_fixed_month','第5天','5',NULL),
 (35,'task_fixed_month','第6天','6',NULL),
 (36,'task_fixed_month','第7天','7',NULL),
 (37,'task_fixed_month','第8天','8',NULL),
 (38,'task_fixed_month','第9天','9',NULL),
 (39,'task_fixed_month','第10天','10',NULL),
 (40,'task_fixed_month','第11天','11',NULL),
 (41,'task_fixed_month','第12天','12',NULL),
 (42,'task_fixed_month','第13天','13',NULL),
 (43,'task_fixed_month','第14天','14',NULL),
 (44,'task_fixed_month','第15天','15',NULL),
 (45,'task_fixed_month','第16天','16',NULL),
 (46,'task_fixed_month','第17天','17',NULL),
 (47,'task_fixed_month','第18天','18',NULL);
INSERT INTO `yunmei`.`sys_dict_info` VALUES  (48,'task_fixed_month','第19天','19',NULL),
 (49,'task_fixed_month','第20天','20',NULL),
 (50,'task_fixed_month','第21天','21',NULL),
 (51,'task_fixed_month','第22天','22',NULL),
 (52,'task_fixed_month','第23天','23',NULL),
 (53,'task_fixed_month','第24天','24',NULL),
 (54,'task_fixed_month','第25天','25',NULL),
 (55,'task_fixed_month','第26天','26',NULL),
 (56,'task_fixed_month','第27天','27',NULL),
 (57,'task_fixed_week','周1','1',NULL),
 (58,'task_fixed_week','周2','2',NULL),
 (59,'task_fixed_week','周3','3',NULL),
 (60,'task_fixed_week','周4','4',NULL),
 (61,'task_fixed_week','周5','5',NULL),
 (62,'task_fixed_week','周6','6',NULL),
 (63,'task_fixed_week','周7','7',NULL),
 (64,'task_execute_type','固定时间','0',NULL),
 (65,'task_execute_type','循环执行','1',NULL);
UNLOCK TABLES;
/*!40000 ALTER TABLE `sys_dict_info` ENABLE KEYS */;


--
-- Definition of table `yunmei`.`sys_logs`
--

DROP TABLE IF EXISTS `yunmei`.`sys_logs`;
CREATE TABLE  `yunmei`.`sys_logs` (
  `id_` bigint(20) NOT NULL AUTO_INCREMENT,
  `success_` char(1) DEFAULT NULL,
  `logtime_` datetime DEFAULT NULL,
  `req_method_` varchar(255) DEFAULT NULL,
  `req_params_` varchar(255) DEFAULT NULL,
  `user_id_` bigint(20) DEFAULT NULL,
  `user_name_` varchar(255) DEFAULT NULL,
  `user_ip_` varchar(255) DEFAULT NULL,
  PRIMARY KEY (`id_`)
) ENGINE=InnoDB AUTO_INCREMENT=18 DEFAULT CHARSET=utf8;

--
-- Dumping data for table `yunmei`.`sys_logs`
--

/*!40000 ALTER TABLE `sys_logs` DISABLE KEYS */;
LOCK TABLES `sys_logs` WRITE;
INSERT INTO `yunmei`.`sys_logs` VALUES  (1,'S','2010-02-05 11:35:12','demoOrderService.selectOrder','{\"id\":4,\"method\":\"demoOrderService.selectOrder\",\"params\":[]}',1,'超级管理员','125.34.47.169'),
 (2,'S','2010-02-05 12:45:56','demoOrderService.selectOrder','{\"id\":15,\"method\":\"demoOrderService.selectOrder\",\"params\":[]}',1,'超级管理员','125.34.47.169'),
 (3,'S','2010-02-05 12:46:13','demoOrderService.selectOrder','{\"id\":4,\"method\":\"demoOrderService.selectOrder\",\"params\":[]}',4,'路人甲','125.34.47.169'),
 (4,'S','2010-02-05 12:46:47','demoOrderService.save','{\"id\":2,\"method\":\"demoOrderService.save\",\"params\":[{\"name\":\"001订单\",\"state\":\"新建\",\"code\":\"001\",\"date\":1266249600000,\"user\":\"路人甲\",\"monkey\":\"1001\"}]}',4,'路人甲','125.34.47.169'),
 (5,'S','2010-02-05 12:46:50','demoOrderService.find','{\"id\":0,\"method\":\"demoOrderService.find\",\"params\":[{\"name\":\"%%\",\"state\":\"%%\"},0,20]}',4,'路人甲','125.34.47.169'),
 (6,'S','2010-02-05 12:46:56','demoOrderService.submit','{\"id\":3,\"method\":\"demoOrderService.submit\",\"params\":[{\"id\":\"1\",\"name\":\"001订单\",\"state\":\"新建\",\"code\":\"001\",\"date\":1266249600000,\"user\":\"路人甲\",\"monkey\":\"1001\"},\"workflow\"]}',4,'路人甲','125.34.47.169');
INSERT INTO `yunmei`.`sys_logs` VALUES  (7,'S','2010-02-05 12:46:58','demoOrderService.find','{\"id\":0,\"method\":\"demoOrderService.find\",\"params\":[{\"name\":\"%%\",\"state\":\"%%\"},0,20]}',4,'路人甲','125.34.47.169'),
 (8,'S','2010-02-05 12:48:29','demoOrderService.selectOrder','{\"id\":1,\"method\":\"demoOrderService.selectOrder\",\"params\":[\"10009\"]}',2,'关羽','125.34.47.169'),
 (9,'S','2010-02-05 12:48:31','demoOrderService.get','{\"id\":2,\"method\":\"demoOrderService.get\",\"params\":[\"1\"]}',2,'关羽','125.34.47.169'),
 (10,'S','2010-02-05 12:48:36','demoOrderService.find','{\"id\":0,\"method\":\"demoOrderService.find\",\"params\":[{\"name\":\"%%\",\"state\":\"%%\"},0,20]}',2,'关羽','125.34.47.169'),
 (11,'S','2010-02-05 12:48:54','demoOrderService.audit','{\"id\":3,\"method\":\"demoOrderService.audit\",\"params\":[{\"result\":\"合格\",\"opinion\":\"恩，可以\",\"businessId\":\"1\",\"key\":\"pass\"}]}',2,'关羽','125.34.47.169'),
 (12,'S','2010-02-05 12:49:01','demoOrderService.find','{\"id\":0,\"method\":\"demoOrderService.find\",\"params\":[{\"name\":\"%%\",\"state\":\"%%\"},0,20]}',2,'关羽','125.34.47.169'),
 (13,'S','2010-02-05 12:49:12','demoOrderService.find','{\"id\":0,\"method\":\"demoOrderService.find\",\"params\":[{\"name\":\"%%\",\"state\":\"%%\"},0,20]}',2,'关羽','125.34.47.169');
INSERT INTO `yunmei`.`sys_logs` VALUES  (14,'S','2010-02-05 12:58:09','demoOrderService.selectOrder','{\"id\":3,\"method\":\"demoOrderService.selectOrder\",\"params\":[]}',2,'关羽','125.34.47.169'),
 (15,'S','2010-02-05 12:58:29','demoOrderService.find','{\"id\":0,\"method\":\"demoOrderService.find\",\"params\":[{\"name\":\"%%\",\"state\":\"%%\"},0,20]}',2,'关羽','125.34.47.169'),
 (16,'S','2010-02-05 12:58:50','demoOrderService.selectOrder','{\"id\":3,\"method\":\"demoOrderService.selectOrder\",\"params\":[]}',1,'超级管理员','125.34.47.169'),
 (17,'S','2010-02-05 12:58:55','demoOrderService.find','{\"id\":0,\"method\":\"demoOrderService.find\",\"params\":[{\"name\":\"%%\",\"state\":\"%%\"},0,20]}',1,'超级管理员','125.34.47.169');
UNLOCK TABLES;
/*!40000 ALTER TABLE `sys_logs` ENABLE KEYS */;


--
-- Definition of table `yunmei`.`sys_opinion`
--

DROP TABLE IF EXISTS `yunmei`.`sys_opinion`;
CREATE TABLE  `yunmei`.`sys_opinion` (
  `id_` bigint(20) NOT NULL AUTO_INCREMENT,
  `date_` datetime DEFAULT NULL,
  `business_id_` varchar(255) DEFAULT NULL,
  `opinion_` varchar(255) DEFAULT NULL,
  `key_` varchar(255) DEFAULT NULL,
  `result_` varchar(255) DEFAULT NULL,
  `task_id_` varchar(255) DEFAULT NULL,
  `task_name_` varchar(255) DEFAULT NULL,
  `user_id_` varchar(255) DEFAULT NULL,
  `user_name_` varchar(255) DEFAULT NULL,
  PRIMARY KEY (`id_`)
) ENGINE=InnoDB AUTO_INCREMENT=2 DEFAULT CHARSET=utf8;

--
-- Dumping data for table `yunmei`.`sys_opinion`
--

/*!40000 ALTER TABLE `sys_opinion` DISABLE KEYS */;
LOCK TABLES `sys_opinion` WRITE;
INSERT INTO `yunmei`.`sys_opinion` VALUES  (1,'2010-02-05 12:48:54','1','恩，可以','pass','合格','10009','经理审批','2','关羽');
UNLOCK TABLES;
/*!40000 ALTER TABLE `sys_opinion` ENABLE KEYS */;


--
-- Definition of table `yunmei`.`sys_organ`
--

DROP TABLE IF EXISTS `yunmei`.`sys_organ`;
CREATE TABLE  `yunmei`.`sys_organ` (
  `id_` bigint(20) NOT NULL AUTO_INCREMENT,
  `name_` varchar(255) DEFAULT NULL,
  `phone_` varchar(255) DEFAULT NULL,
  `remark_` varchar(255) DEFAULT NULL,
  `address_` varchar(255) DEFAULT NULL,
  `code_` varchar(255) DEFAULT NULL,
  `email_` varchar(255) DEFAULT NULL,
  `type_` varchar(255) DEFAULT NULL,
  `fax_` varchar(255) DEFAULT NULL,
  `responsibility_` varchar(255) DEFAULT NULL,
  `state_` varchar(255) DEFAULT NULL,
  `website_` varchar(255) DEFAULT NULL,
  `admin_` bigint(20) DEFAULT NULL,
  PRIMARY KEY (`id_`),
  KEY `FK2006A61F57FA8283` (`admin_`),
  CONSTRAINT `FK2006A61F57FA8283` FOREIGN KEY (`admin_`) REFERENCES `sys_user` (`id_`)
) ENGINE=InnoDB AUTO_INCREMENT=5 DEFAULT CHARSET=utf8;

--
-- Dumping data for table `yunmei`.`sys_organ`
--

/*!40000 ALTER TABLE `sys_organ` DISABLE KEYS */;
LOCK TABLES `sys_organ` WRITE;
INSERT INTO `yunmei`.`sys_organ` VALUES  (1,'紫云媒',NULL,NULL,NULL,'ziyunmei',NULL,NULL,NULL,NULL,NULL,NULL,NULL),
 (2,'研发中心',NULL,NULL,NULL,'rd',NULL,NULL,NULL,NULL,NULL,NULL,NULL),
 (3,'资源规划',NULL,NULL,NULL,'rc',NULL,NULL,NULL,NULL,NULL,NULL,NULL),
 (4,'财务处',NULL,NULL,NULL,'mo',NULL,NULL,NULL,NULL,NULL,NULL,NULL);
UNLOCK TABLES;
/*!40000 ALTER TABLE `sys_organ` ENABLE KEYS */;


--
-- Definition of table `yunmei`.`sys_organ_tree`
--

DROP TABLE IF EXISTS `yunmei`.`sys_organ_tree`;
CREATE TABLE  `yunmei`.`sys_organ_tree` (
  `id_` bigint(20) NOT NULL AUTO_INCREMENT,
  `text_` varchar(255) DEFAULT NULL,
  `parent_` bigint(20) DEFAULT NULL,
  `left_` int(11) DEFAULT NULL,
  `right_` int(11) DEFAULT NULL,
  `type_` char(1) DEFAULT NULL,
  `organ_id_` bigint(20) DEFAULT NULL,
  `post_id_` bigint(20) DEFAULT NULL,
  `user_id_` bigint(20) DEFAULT NULL,
  PRIMARY KEY (`id_`),
  KEY `FK728881BE6B4342BF` (`organ_id_`),
  KEY `FK728881BED9E1D6ED` (`post_id_`),
  KEY `FK728881BE9CE2EFC3` (`user_id_`),
  KEY `FK728881BE9B2B837C` (`parent_`),
  CONSTRAINT `FK728881BE9B2B837C` FOREIGN KEY (`parent_`) REFERENCES `sys_organ_tree` (`id_`),
  CONSTRAINT `FK728881BE6B4342BF` FOREIGN KEY (`organ_id_`) REFERENCES `sys_organ` (`id_`),
  CONSTRAINT `FK728881BE9CE2EFC3` FOREIGN KEY (`user_id_`) REFERENCES `sys_user` (`id_`),
  CONSTRAINT `FK728881BED9E1D6ED` FOREIGN KEY (`post_id_`) REFERENCES `sys_post` (`id_`)
) ENGINE=InnoDB AUTO_INCREMENT=15 DEFAULT CHARSET=utf8;

--
-- Dumping data for table `yunmei`.`sys_organ_tree`
--

/*!40000 ALTER TABLE `sys_organ_tree` DISABLE KEYS */;
LOCK TABLES `sys_organ_tree` WRITE;
INSERT INTO `yunmei`.`sys_organ_tree` VALUES  (-1,'所有',NULL,1,30,'S',NULL,NULL,NULL),
 (1,'紫云媒',-1,2,29,'C',1,NULL,NULL),
 (2,'研发中心',1,3,16,'C',2,NULL,NULL),
 (3,'资源规划',1,17,18,'C',3,NULL,NULL),
 (4,'财务处',1,19,28,'C',4,NULL,NULL),
 (5,'技术经理',2,4,9,'P',NULL,1,NULL),
 (6,'工程师',2,10,15,'P',NULL,2,NULL),
 (7,'关羽',5,5,6,'U',NULL,NULL,2),
 (8,'张飞',5,7,8,'U',NULL,NULL,3),
 (9,'路人甲',6,11,12,'U',NULL,NULL,4),
 (10,'路人乙',6,13,14,'U',NULL,NULL,5),
 (11,'出纳员',4,20,21,'P',NULL,3,NULL),
 (12,'财务经理',4,22,27,'P',NULL,4,NULL),
 (13,'诸葛',12,23,24,'U',NULL,NULL,6),
 (14,'刘备',12,25,26,'U',NULL,NULL,7);
UNLOCK TABLES;
/*!40000 ALTER TABLE `sys_organ_tree` ENABLE KEYS */;


--
-- Definition of table `yunmei`.`sys_post`
--

DROP TABLE IF EXISTS `yunmei`.`sys_post`;
CREATE TABLE  `yunmei`.`sys_post` (
  `id_` bigint(20) NOT NULL AUTO_INCREMENT,
  `name_` varchar(255) DEFAULT NULL,
  `admin_` bigint(20) DEFAULT NULL,
  `remark_` varchar(255) DEFAULT NULL,
  PRIMARY KEY (`id_`)
) ENGINE=InnoDB AUTO_INCREMENT=5 DEFAULT CHARSET=utf8;

--
-- Dumping data for table `yunmei`.`sys_post`
--

/*!40000 ALTER TABLE `sys_post` DISABLE KEYS */;
LOCK TABLES `sys_post` WRITE;
INSERT INTO `yunmei`.`sys_post` VALUES  (1,'技术经理',NULL,NULL),
 (2,'工程师',NULL,NULL),
 (3,'出纳员',NULL,NULL),
 (4,'财务经理',NULL,NULL);
UNLOCK TABLES;
/*!40000 ALTER TABLE `sys_post` ENABLE KEYS */;


--
-- Definition of table `yunmei`.`sys_post_role`
--

DROP TABLE IF EXISTS `yunmei`.`sys_post_role`;
CREATE TABLE  `yunmei`.`sys_post_role` (
  `id_` bigint(20) NOT NULL AUTO_INCREMENT,
  `post_id_` bigint(20) DEFAULT NULL,
  `role_id_` bigint(20) DEFAULT NULL,
  PRIMARY KEY (`id_`),
  KEY `FKC93261C39CDFCB99` (`role_id_`),
  KEY `FKC93261C3D9E1D6ED` (`post_id_`),
  CONSTRAINT `FKC93261C3D9E1D6ED` FOREIGN KEY (`post_id_`) REFERENCES `sys_post` (`id_`),
  CONSTRAINT `FKC93261C39CDFCB99` FOREIGN KEY (`role_id_`) REFERENCES `sys_role` (`id_`)
) ENGINE=InnoDB AUTO_INCREMENT=4 DEFAULT CHARSET=utf8;

--
-- Dumping data for table `yunmei`.`sys_post_role`
--

/*!40000 ALTER TABLE `sys_post_role` DISABLE KEYS */;
LOCK TABLES `sys_post_role` WRITE;
INSERT INTO `yunmei`.`sys_post_role` VALUES  (1,1,3),
 (2,2,2),
 (3,4,4);
UNLOCK TABLES;
/*!40000 ALTER TABLE `sys_post_role` ENABLE KEYS */;


--
-- Definition of table `yunmei`.`sys_role`
--

DROP TABLE IF EXISTS `yunmei`.`sys_role`;
CREATE TABLE  `yunmei`.`sys_role` (
  `id_` bigint(20) NOT NULL AUTO_INCREMENT,
  `name_` varchar(255) DEFAULT NULL,
  `remark_` varchar(255) DEFAULT NULL,
  PRIMARY KEY (`id_`)
) ENGINE=InnoDB AUTO_INCREMENT=7 DEFAULT CHARSET=utf8;

--
-- Dumping data for table `yunmei`.`sys_role`
--

/*!40000 ALTER TABLE `sys_role` DISABLE KEYS */;
LOCK TABLES `sys_role` WRITE;
INSERT INTO `yunmei`.`sys_role` VALUES  (1,'超级管理员2',''),
 (2,'提交角色',''),
 (3,'审批角色',''),
 (4,'签字角色','');
UNLOCK TABLES;
/*!40000 ALTER TABLE `sys_role` ENABLE KEYS */;


--
-- Definition of table `yunmei`.`sys_role_auth`
--

DROP TABLE IF EXISTS `yunmei`.`sys_role_auth`;
CREATE TABLE  `yunmei`.`sys_role_auth` (
  `id_` bigint(20) NOT NULL AUTO_INCREMENT,
  `auth_id_` bigint(20) DEFAULT NULL,
  `role_id_` bigint(20) DEFAULT NULL,
  PRIMARY KEY (`id_`),
  KEY `FK65CF4CDF9CDFCB99` (`role_id_`),
  KEY `FK65CF4CDFF77D0408` (`auth_id_`),
  CONSTRAINT `FK65CF4CDFF77D0408` FOREIGN KEY (`auth_id_`) REFERENCES `sys_authority` (`id_`),
  CONSTRAINT `FK65CF4CDF9CDFCB99` FOREIGN KEY (`role_id_`) REFERENCES `sys_role` (`id_`)
) ENGINE=InnoDB AUTO_INCREMENT=201 DEFAULT CHARSET=utf8;

--
-- Dumping data for table `yunmei`.`sys_role_auth`
--

/*!40000 ALTER TABLE `sys_role_auth` DISABLE KEYS */;
LOCK TABLES `sys_role_auth` WRITE;
INSERT INTO `yunmei`.`sys_role_auth` VALUES  (131,37,4),
 (132,42,4),
 (133,44,4),
 (134,45,4),
 (135,33,4),
 (136,34,4),
 (137,36,4),
 (138,37,2),
 (139,39,2),
 (140,40,2),
 (141,42,2),
 (142,43,2),
 (143,45,2),
 (144,33,2),
 (145,34,2),
 (146,36,2),
 (147,37,3),
 (148,41,3),
 (149,42,3),
 (150,45,3),
 (151,33,3),
 (152,34,3),
 (153,36,3),
 (154,38,2),
 (155,38,3),
 (156,38,4),
 (157,37,1),
 (158,39,1),
 (159,40,1),
 (160,41,1),
 (161,42,1),
 (162,43,1),
 (163,44,1),
 (164,45,1),
 (165,1,1),
 (166,2,1),
 (167,3,1),
 (168,4,1),
 (169,5,1),
 (170,6,1),
 (171,7,1),
 (172,33,1),
 (173,34,1),
 (174,35,1),
 (175,36,1),
 (176,29,1),
 (177,30,1),
 (178,31,1),
 (179,32,1),
 (180,27,1),
 (181,28,1),
 (182,22,1),
 (183,23,1),
 (184,24,1),
 (185,25,1),
 (186,26,1),
 (187,20,1),
 (188,21,1),
 (189,8,1),
 (190,9,1),
 (191,10,1),
 (192,11,1),
 (193,12,1),
 (194,13,1),
 (195,14,1),
 (196,15,1),
 (197,16,1),
 (198,17,1),
 (199,18,1),
 (200,19,1);
UNLOCK TABLES;
/*!40000 ALTER TABLE `sys_role_auth` ENABLE KEYS */;


--
-- Definition of table `yunmei`.`sys_task_users`
--

DROP TABLE IF EXISTS `yunmei`.`sys_task_users`;
CREATE TABLE  `yunmei`.`sys_task_users` (
  `id_` varchar(255) NOT NULL,
  `entity_id_` varchar(255) DEFAULT NULL,
  `type_` varchar(255) DEFAULT NULL,
  `entity_name_` varchar(255) DEFAULT NULL,
  PRIMARY KEY (`id_`)
) ENGINE=InnoDB DEFAULT CHARSET=utf8;

--
-- Dumping data for table `yunmei`.`sys_task_users`
--

/*!40000 ALTER TABLE `sys_task_users` DISABLE KEYS */;
LOCK TABLES `sys_task_users` WRITE;
INSERT INTO `yunmei`.`sys_task_users` VALUES  ('workflow-1_填报销单','2','P','工程师'),
 ('workflow-1_经理审批','1','P','技术经理'),
 ('workflow-1_财务签字','4','P','财务经理');
UNLOCK TABLES;
/*!40000 ALTER TABLE `sys_task_users` ENABLE KEYS */;


--
-- Definition of table `yunmei`.`sys_timer`
--

DROP TABLE IF EXISTS `yunmei`.`sys_timer`;
CREATE TABLE  `yunmei`.`sys_timer` (
  `id_` bigint(20) NOT NULL AUTO_INCREMENT,
  `name_` varchar(255) DEFAULT NULL,
  `type_` varchar(255) DEFAULT NULL,
  `state_` varchar(255) DEFAULT NULL,
  `invoke_` varchar(255) DEFAULT NULL,
  `fixed_` int(11) DEFAULT NULL,
  `params_` varchar(255) DEFAULT NULL,
  `repeat_interval_` int(11) DEFAULT NULL,
  `start_date_` datetime DEFAULT NULL,
  `end_date_` datetime DEFAULT NULL,
  `execute_time_` varchar(255) DEFAULT NULL,
  `execute_date_` datetime DEFAULT NULL,
  `execute_type_` varchar(255) DEFAULT NULL,
  `execute_time_end_` varchar(255) DEFAULT NULL,
  PRIMARY KEY (`id_`)
) ENGINE=InnoDB DEFAULT CHARSET=utf8;

--
-- Dumping data for table `yunmei`.`sys_timer`
--

/*!40000 ALTER TABLE `sys_timer` DISABLE KEYS */;
LOCK TABLES `sys_timer` WRITE;
UNLOCK TABLES;
/*!40000 ALTER TABLE `sys_timer` ENABLE KEYS */;


--
-- Definition of table `yunmei`.`sys_user`
--

DROP TABLE IF EXISTS `yunmei`.`sys_user`;
CREATE TABLE  `yunmei`.`sys_user` (
  `id_` bigint(20) NOT NULL AUTO_INCREMENT,
  `name_` varchar(255) DEFAULT NULL,
  `login_` varchar(255) DEFAULT NULL,
  `password_` varchar(255) DEFAULT NULL,
  `remark_` varchar(255) DEFAULT NULL,
  `birthday_` datetime DEFAULT NULL,
  `sex_` varchar(255) DEFAULT NULL,
  `email_` varchar(255) DEFAULT NULL,
  `code_` varchar(255) DEFAULT NULL,
  `education_` varchar(255) DEFAULT NULL,
  `nationality_` varchar(255) DEFAULT NULL,
  `tphone_` varchar(255) DEFAULT NULL,
  `mphone_` varchar(255) DEFAULT NULL,
  `subject_` varchar(255) DEFAULT NULL,
  `default_post_` bigint(20) DEFAULT NULL,
  PRIMARY KEY (`id_`)
) ENGINE=InnoDB AUTO_INCREMENT=8 DEFAULT CHARSET=utf8;

--
-- Dumping data for table `yunmei`.`sys_user`
--

/*!40000 ALTER TABLE `sys_user` DISABLE KEYS */;
LOCK TABLES `sys_user` WRITE;
INSERT INTO `yunmei`.`sys_user` VALUES  (1,'超级管理员','admin','5f4dcc3b5aa765d61d8327deb882cf99',NULL,NULL,NULL,NULL,'admin',NULL,NULL,NULL,NULL,NULL,NULL),
 (2,'关羽','guanyu','5f4dcc3b5aa765d61d8327deb882cf99',NULL,NULL,NULL,NULL,'guanyu',NULL,NULL,NULL,NULL,NULL,1),
 (3,'张飞','zhangfei','5f4dcc3b5aa765d61d8327deb882cf99',NULL,NULL,NULL,NULL,'zhangfei',NULL,NULL,NULL,NULL,NULL,1),
 (4,'路人甲','lurenjia','5f4dcc3b5aa765d61d8327deb882cf99',NULL,NULL,NULL,NULL,'lurenjia',NULL,NULL,NULL,NULL,NULL,2),
 (5,'路人乙','lurenyi','5f4dcc3b5aa765d61d8327deb882cf99',NULL,NULL,NULL,NULL,'lurenyi',NULL,NULL,NULL,NULL,NULL,2),
 (6,'诸葛','zhuge','5f4dcc3b5aa765d61d8327deb882cf99',NULL,NULL,NULL,NULL,'zhuge',NULL,NULL,NULL,NULL,NULL,4),
 (7,'刘备','liubei','5f4dcc3b5aa765d61d8327deb882cf99',NULL,NULL,NULL,NULL,'liubei',NULL,NULL,NULL,NULL,NULL,4);
UNLOCK TABLES;
/*!40000 ALTER TABLE `sys_user` ENABLE KEYS */;


--
-- Definition of table `yunmei`.`sys_user_role`
--

DROP TABLE IF EXISTS `yunmei`.`sys_user_role`;
CREATE TABLE  `yunmei`.`sys_user_role` (
  `id_` bigint(20) NOT NULL AUTO_INCREMENT,
  `user_id_` bigint(20) DEFAULT NULL,
  `role_id_` bigint(20) DEFAULT NULL,
  PRIMARY KEY (`id_`),
  KEY `FK660C51789CDFCB99` (`role_id_`),
  KEY `FK660C51789CE2EFC3` (`user_id_`),
  CONSTRAINT `FK660C51789CE2EFC3` FOREIGN KEY (`user_id_`) REFERENCES `sys_user` (`id_`),
  CONSTRAINT `FK660C51789CDFCB99` FOREIGN KEY (`role_id_`) REFERENCES `sys_role` (`id_`)
) ENGINE=InnoDB AUTO_INCREMENT=2 DEFAULT CHARSET=utf8;

--
-- Dumping data for table `yunmei`.`sys_user_role`
--

/*!40000 ALTER TABLE `sys_user_role` DISABLE KEYS */;
LOCK TABLES `sys_user_role` WRITE;
INSERT INTO `yunmei`.`sys_user_role` VALUES  (1,1,1);
UNLOCK TABLES;
/*!40000 ALTER TABLE `sys_user_role` ENABLE KEYS */;


--
-- Definition of view `yunmei`.`v_sys_role_auth`
--

DROP TABLE IF EXISTS `yunmei`.`v_sys_role_auth`;
DROP VIEW IF EXISTS `yunmei`.`v_sys_role_auth`;
CREATE ALGORITHM=UNDEFINED DEFINER=`yunmei`@`%` SQL SECURITY DEFINER VIEW  `yunmei`.`v_sys_role_auth` AS select `auth_`.`text_` AS `text_`,`auth_`.`parent_` AS `parent_`,`auth_`.`left_` AS `left_`,`auth_`.`right_` AS `right_`,`auth_`.`type_` AS `type_`,`auth_`.`url_` AS `url_`,`auth_`.`remark_` AS `remark_`,`role_`.`id_` AS `role_id_`,`auth_`.`id_` AS `auth_id_` from ((`sys_role_auth` `role_auth_` join `sys_role` `role_` on((`role_`.`id_` = `role_auth_`.`role_id_`))) left join `sys_authority` `auth_` on((`auth_`.`id_` = `role_auth_`.`auth_id_`)));

--
-- Definition of view `yunmei`.`v_sys_user_auth`
--

DROP TABLE IF EXISTS `yunmei`.`v_sys_user_auth`;
DROP VIEW IF EXISTS `yunmei`.`v_sys_user_auth`;
CREATE ALGORITHM=UNDEFINED DEFINER=`yunmei`@`%` SQL SECURITY DEFINER VIEW  `yunmei`.`v_sys_user_auth` AS select `ra`.`auth_id_` AS `auth_id_`,`ra`.`text_` AS `text_`,`ra`.`parent_` AS `parent_`,`ra`.`left_` AS `left_`,`ra`.`right_` AS `right_`,`ra`.`type_` AS `type_`,`ra`.`url_` AS `url_`,`ra`.`remark_` AS `remark_`,`ur`.`user_id_` AS `user_id_`,`ur`.`post_id_` AS `post_id_` from (`v_sys_role_auth` `ra` join `v_sys_user_role` `ur` on((`ra`.`role_id_` = `ur`.`role_id_`)));

--
-- Definition of view `yunmei`.`v_sys_user_role`
--

DROP TABLE IF EXISTS `yunmei`.`v_sys_user_role`;
DROP VIEW IF EXISTS `yunmei`.`v_sys_user_role`;
CREATE ALGORITHM=UNDEFINED DEFINER=`yunmei`@`%` SQL SECURITY DEFINER VIEW  `yunmei`.`v_sys_user_role` AS select `role_`.`name_` AS `name_`,`role_`.`remark_` AS `remark_`,NULL AS `user_id_`,`post_`.`id_` AS `post_id_`,`role_`.`id_` AS `role_id_` from ((`sys_post_role` `post_role` join `sys_post` `post_` on((`post_role`.`post_id_` = `post_`.`id_`))) left join `sys_role` `role_` on((`post_role`.`role_id_` = `role_`.`id_`))) union all select `role_`.`name_` AS `name_`,`role_`.`remark_` AS `remark_`,`user_`.`id_` AS `user_id_`,NULL AS `post_id_`,`role_`.`id_` AS `role_id_` from ((`sys_user_role` `user_role` join `sys_user` `user_` on((`user_`.`id_` = `user_role`.`user_id_`))) left join `sys_role` `role_` on((`role_`.`id_` = `user_role`.`role_id_`)));



/*!40101 SET SQL_MODE=@OLD_SQL_MODE */;
/*!40014 SET FOREIGN_KEY_CHECKS=@OLD_FOREIGN_KEY_CHECKS */;
/*!40014 SET UNIQUE_CHECKS=@OLD_UNIQUE_CHECKS */;
/*!40101 SET CHARACTER_SET_CLIENT=@OLD_CHARACTER_SET_CLIENT */;
/*!40101 SET CHARACTER_SET_RESULTS=@OLD_CHARACTER_SET_RESULTS */;
/*!40101 SET COLLATION_CONNECTION=@OLD_COLLATION_CONNECTION */;
/*!40101 SET CHARACTER_SET_CLIENT=@OLD_CHARACTER_SET_CLIENT */;
